0 -0.0004069041460989336
0.001 -0.0004069041460989336
0.002 -0.00044081282494051147
0.003 -0.00037299546725735584
0.004 -0.00042385848551972256
0.005 -0.00038994980667814475
0.006 -0.0004069041460989336
0.007 -0.0004069041460989336
0.008 -0.00042385848551972256
0.009000000000000001 -0.0004069041460989336
0.01 -0.00044081282494051147
0.011 -0.00044081282494051147
0.012 -0.0004069041460989336
0.013000000000000001 -0.00044081282494051147
0.014 -0.0004069041460989336
0.015 -0.0004069041460989336
0.016 -0.0004577671643613003
0.017 -0.00042385848551972256
0.018000000000000002 -0.00038994980667814475
0.019 -0.00042385848551972256
0.02 -0.00044081282494051147
0.021 -0.00042385848551972256
0.022 -0.0004069041460989336
0.023 -0.00042385848551972256
0.024 -0.00038994980667814475
0.025 -0.0004069041460989336
0.026000000000000002 -0.00044081282494051147
0.027 -0.00042385848551972256
0.028 -0.00038994980667814475
0.029 -0.0004069041460989336
0.03 -0.0004577671643613003
0.031 -0.00042385848551972256
0.032 -0.00042385848551972256
0.033 -0.00042385848551972256
0.034 -0.0004069041460989336
0.035 -0.00042385848551972256
0.036000000000000004 -0.00042385848551972256
0.037 -0.00042385848551972256
0.038 -0.00038994980667814475
0.039 -0.0004069041460989336
0.04 -0.0004069041460989336
0.041 -0.00042385848551972256
0.042 -0.00037299546725735584
0.043000000000000003 -0.0004577671643613003
0.044 -0.00038994980667814475
0.045 -0.00035604112783656694
0.046 -0.00042385848551972256
0.047 -0.00044081282494051147
0.048 -0.0004069041460989336
0.049 -0.00038994980667814475
0.05 -0.0004069041460989336
0.051000000000000004 -0.00042385848551972256
0.052000000000000005 -0.0004916758432028782
0.053 -0.00038994980667814475
0.054 -0.00042385848551972256
0.055 -0.0004577671643613003
0.056 -0.00042385848551972256
0.057 -0.00044081282494051147
0.058 -0.0004069041460989336
0.059000000000000004 -0.00042385848551972256
0.06 -0.00044081282494051147
0.061 -0.00044081282494051147
0.062 -0.00038994980667814475
0.063 -0.0004577671643613003
0.064 -0.0004577671643613003
0.065 -0.0004069041460989336
0.066 -0.0004069041460989336
0.067 -0.0004577671643613003
0.068 -0.00044081282494051147
0.069 -0.00038994980667814475
0.07 -0.0004069041460989336
0.07100000000000001 -0.00038994980667814475
0.07200000000000001 -0.0004069041460989336
0.073 -0.0004577671643613003
0.074 -0.0004577671643613003
0.075 -0.00042385848551972256
0.076 -0.00042385848551972256
0.077 -0.00037299546725735584
0.078 -0.00044081282494051147
0.079 -0.00033908678841577803
0.08 -0.0004069041460989336
0.081 -0.00038994980667814475
0.082 -0.00035604112783656694
0.083 -0.00037299546725735584
0.084 -0.00038994980667814475
0.085 -0.00042385848551972256
0.08600000000000001 -0.00037299546725735584
0.08700000000000001 -0.00044081282494051147
0.088 -0.0004069041460989336
0.089 -0.00037299546725735584
0.09 -0.00035604112783656694
0.091 -0.00037299546725735584
0.092 -0.0004069041460989336
0.093 -0.00038994980667814475
0.094 -0.00038994980667814475
0.095 -0.00035604112783656694
0.096 -0.00042385848551972256
0.097 -0.0004069041460989336
0.098 -0.00038994980667814475
0.099 -0.0004916758432028782
0.1 -0.00037299546725735584
0.101 -0.00042385848551972256
0.10200000000000001 -0.0004069041460989336
0.10300000000000001 -0.0004069041460989336
0.10400000000000001 -0.0004069041460989336
0.105 -0.0004069041460989336
0.106 -0.00044081282494051147
0.107 -0.0004069041460989336
0.108 -0.00037299546725735584
0.109 -0.00038994980667814475
0.11 -0.00037299546725735584
0.111 -0.00042385848551972256
0.112 -0.00038994980667814475
0.113 -0.00044081282494051147
0.114 -0.00037299546725735584
0.115 -0.00042385848551972256
0.116 -0.00044081282494051147
0.117 -0.00037299546725735584
0.11800000000000001 -0.00037299546725735584
0.11900000000000001 -0.00037299546725735584
0.12 -0.00042385848551972256
0.121 -0.00042385848551972256
0.122 -0.00047472150378208923
0.123 -0.00044081282494051147
0.124 -0.00044081282494051147
0.125 -0.00042385848551972256
0.126 -0.00038994980667814475
0.127 -0.00047472150378208923
0.128 -0.0004069041460989336
0.129 -0.0004069041460989336
0.13 -0.00035604112783656694
0.131 -0.00044081282494051147
0.132 -0.00042385848551972256
0.133 -0.0004069041460989336
0.134 -0.00042385848551972256
0.135 -0.00044081282494051147
0.136 -0.00037299546725735584
0.137 -0.00042385848551972256
0.138 -0.00038994980667814475
0.139 -0.0004577671643613003
0.14 -0.00038994980667814475
0.14100000000000001 -0.00047472150378208923
0.14200000000000002 -0.0004069041460989336
0.14300000000000002 -0.00035604112783656694
0.14400000000000002 -0.00042385848551972256
0.145 -0.00038994980667814475
0.146 -0.0004577671643613003
0.147 -0.0004069041460989336
0.148 -0.00042385848551972256
0.149 -0.00035604112783656694
0.15 -0.00035604112783656694
0.151 -0.0004069041460989336
0.152 -0.00044081282494051147
0.153 -0.00038994980667814475
0.154 -0.00044081282494051147
0.155 -0.00044081282494051147
0.156 -0.00037299546725735584
0.157 -0.00038994980667814475
0.158 -0.00038994980667814475
0.159 -0.00035604112783656694
0.16 -0.00038994980667814475
0.161 -0.0004069041460989336
0.162 -0.00047472150378208923
0.163 -0.00037299546725735584
0.164 -0.00038994980667814475
0.165 -0.00044081282494051147
0.166 -0.00035604112783656694
0.167 -0.00038994980667814475
0.168 -0.00042385848551972256
0.169 -0.00035604112783656694
0.17 -0.00037299546725735584
0.171 -0.00038994980667814475
0.17200000000000001 -0.00044081282494051147
0.17300000000000001 -0.00037299546725735584
0.17400000000000002 -0.00042385848551972256
0.17500000000000002 -0.0004069041460989336
0.176 -0.0004069041460989336
0.177 -0.00038994980667814475
0.178 -0.0004577671643613003
0.179 -0.00042385848551972256
0.18 -0.0004069041460989336
0.181 -0.00042385848551972256
0.182 -0.0004069041460989336
0.183 -0.00042385848551972256
0.184 -0.00044081282494051147
0.185 -0.0004069041460989336
0.186 -0.00044081282494051147
0.187 -0.00042385848551972256
0.188 -0.0004069041460989336
0.189 -0.00042385848551972256
0.19 -0.0004069041460989336
0.191 -0.00042385848551972256
0.192 -0.00037299546725735584
0.193 -0.00038994980667814475
0.194 -0.00038994980667814475
0.195 -0.0004069041460989336
0.196 -0.00044081282494051147
0.197 -0.00035604112783656694
0.198 -0.00037299546725735584
0.199 -0.0004069041460989336
0.2 -0.0004069041460989336
0.201 -0.00042385848551972256
0.202 -0.00042385848551972256
0.203 -0.00044081282494051147
0.20400000000000001 -0.00038994980667814475
0.20500000000000002 -0.00038994980667814475
0.20600000000000002 -0.00047472150378208923
0.20700000000000002 -0.00037299546725735584
0.20800000000000002 -0.00037299546725735584
0.209 -0.00038994980667814475
0.21 -0.00037299546725735584
0.211 -0.00044081282494051147
0.212 -0.00044081282494051147
0.213 -0.00042385848551972256
0.214 -0.00042385848551972256
0.215 -0.00038994980667814475
0.216 -0.00044081282494051147
0.217 -0.0004577671643613003
0.218 -0.00037299546725735584
0.219 -0.00035604112783656694
0.22 -0.00042385848551972256
0.221 -0.00042385848551972256
0.222 -0.00042385848551972256
0.223 -0.00035604112783656694
0.224 -0.00037299546725735584
0.225 -0.00042385848551972256
0.226 -0.00042385848551972256
0.227 -0.00037299546725735584
0.228 -0.0004069041460989336
0.229 -0.00038994980667814475
0.23 -0.00042385848551972256
0.231 -0.00047472150378208923
0.232 -0.00044081282494051147
0.233 -0.00038994980667814475
0.234 -0.00038994980667814475
0.23500000000000001 -0.00038994980667814475
0.23600000000000002 -0.00035604112783656694
0.23700000000000002 -0.00038994980667814475
0.23800000000000002 -0.00042385848551972256
0.23900000000000002 -0.00042385848551972256
0.24 -0.00038994980667814475
0.241 -0.0004069041460989336
0.242 -0.00042385848551972256
0.243 -0.0004577671643613003
0.244 -0.0004069041460989336
0.245 -0.0004577671643613003
0.246 -0.0004069041460989336
0.247 -0.00037299546725735584
0.248 -0.00035604112783656694
0.249 -0.00038994980667814475
0.25 -0.0004069041460989336
0.251 -0.00037299546725735584
0.252 -0.00037299546725735584
0.253 -0.0004577671643613003
0.254 -0.00044081282494051147
0.255 -0.0004577671643613003
0.256 -0.0004069041460989336
0.257 -0.0004069041460989336
0.258 -0.00042385848551972256
0.259 -0.00035604112783656694
0.26 -0.00038994980667814475
0.261 -0.00044081282494051147
0.262 -0.0004577671643613003
0.263 -0.00042385848551972256
0.264 -0.00038994980667814475
0.265 -0.00037299546725735584
0.266 -0.00037299546725735584
0.267 -0.0004069041460989336
0.268 -0.00044081282494051147
0.269 -0.00038994980667814475
0.27 -0.00042385848551972256
0.271 -0.00044081282494051147
0.272 -0.0004069041460989336
0.273 -0.00033908678841577803
0.274 -0.0004069041460989336
0.275 -0.00037299546725735584
0.276 -0.00044081282494051147
0.277 -0.00038994980667814475
0.278 -0.00038994980667814475
0.279 -0.00042385848551972256
0.28 -0.00042385848551972256
0.281 -0.00042385848551972256
0.28200000000000003 -0.00037299546725735584
0.28300000000000003 -0.00033908678841577803
0.28400000000000003 -0.00042385848551972256
0.28500000000000003 -0.00042385848551972256
0.28600000000000003 -0.00042385848551972256
0.28700000000000003 -0.0004577671643613003
0.28800000000000003 -0.00042385848551972256
0.289 -0.0004069041460989336
0.29 -0.00037299546725735584
0.291 -0.00044081282494051147
0.292 -0.00037299546725735584
0.293 -0.00044081282494051147
0.294 -0.00044081282494051147
0.295 -0.00042385848551972256
0.296 -0.0004577671643613003
0.297 -0.0004069041460989336
0.298 -0.00044081282494051147
0.299 -0.00037299546725735584
0.3 -0.00037299546725735584
0.301 -0.00038994980667814475
0.302 -0.00038994980667814475
0.303 -0.00042385848551972256
0.304 -0.00042385848551972256
0.305 -0.00044081282494051147
0.306 -0.00037299546725735584
0.307 -0.00038994980667814475
0.308 -0.00037299546725735584
0.309 -0.0004069041460989336
0.31 -0.0004069041460989336
0.311 -0.00042385848551972256
0.312 -0.00038994980667814475
0.313 -0.00038994980667814475
0.314 -0.00038994980667814475
0.315 -0.00037299546725735584
0.316 -0.0004069041460989336
0.317 -0.00044081282494051147
0.318 -0.00038994980667814475
0.319 -0.00037299546725735584
0.32 -0.00044081282494051147
0.321 -0.0004069041460989336
0.322 -0.00038994980667814475
0.323 -0.00035604112783656694
0.324 -0.00044081282494051147
0.325 -0.0004069041460989336
0.326 -0.0004069041460989336
0.327 -0.00044081282494051147
0.328 -0.00037299546725735584
0.329 -0.00042385848551972256
0.33 -0.00047472150378208923
0.331 -0.0004069041460989336
0.332 -0.0004577671643613003
0.333 -0.00038994980667814475
0.334 -0.00044081282494051147
0.335 -0.0004069041460989336
0.336 -0.0004069041460989336
0.337 -0.00038994980667814475
0.338 -0.0004577671643613003
0.339 -0.00037299546725735584
0.34 -0.00038994980667814475
0.341 -0.00038994980667814475
0.342 -0.00042385848551972256
0.343 -0.00042385848551972256
0.34400000000000003 -0.0004069041460989336
0.34500000000000003 -0.0004069041460989336
0.34600000000000003 -0.0004069041460989336
0.34700000000000003 -0.0004069041460989336
0.34800000000000003 -0.00044081282494051147
0.34900000000000003 -0.00038994980667814475
0.35000000000000003 -0.00042385848551972256
0.35100000000000003 -0.00038994980667814475
0.352 -0.00042385848551972256
0.353 -0.00042385848551972256
0.354 -0.00042385848551972256
0.355 -0.00038994980667814475
0.356 -0.00042385848551972256
0.357 -0.00042385848551972256
0.358 -0.0004069041460989336
0.359 -0.0004577671643613003
0.36 -0.00042385848551972256
0.361 -0.00044081282494051147
0.362 -0.00038994980667814475
0.363 -0.00042385848551972256
0.364 -0.00044081282494051147
0.365 -0.00033908678841577803
0.366 -0.0004069041460989336
0.367 -0.00042385848551972256
0.368 -0.00035604112783656694
0.369 -0.0004069041460989336
0.37 -0.00037299546725735584
0.371 -0.0004069041460989336
0.372 -0.00038994980667814475
0.373 -0.00038994980667814475
0.374 -0.0004069041460989336
0.375 -0.00035604112783656694
0.376 -0.00038994980667814475
0.377 -0.00042385848551972256
0.378 -0.0004069041460989336
0.379 -0.0004069041460989336
0.38 -0.0004577671643613003
0.381 -0.0004069041460989336
0.382 -0.00044081282494051147
0.383 -0.00035604112783656694
0.384 -0.00042385848551972256
0.385 -0.00042385848551972256
0.386 -0.00037299546725735584
0.387 -0.00038994980667814475
0.388 -0.00038994980667814475
0.389 -0.0004069041460989336
0.39 -0.00044081282494051147
0.391 -0.0004069041460989336
0.392 -0.0004069041460989336
0.393 -0.0004069041460989336
0.394 -0.0004069041460989336
0.395 -0.00042385848551972256
0.396 -0.0004577671643613003
0.397 -0.00042385848551972256
0.398 -0.0004069041460989336
0.399 -0.00038994980667814475
0.4 -0.0004069041460989336
0.401 -0.0004069041460989336
0.402 -0.0004069041460989336
0.403 -0.00044081282494051147
0.404 -0.00038994980667814475
0.405 -0.00037299546725735584
0.406 -0.00037299546725735584
0.40700000000000003 -0.0004069041460989336
0.40800000000000003 -0.00037299546725735584
0.40900000000000003 -0.00038994980667814475
0.41000000000000003 -0.0004069041460989336
0.41100000000000003 -0.00042385848551972256
0.41200000000000003 -0.00042385848551972256
0.41300000000000003 -0.00044081282494051147
0.41400000000000003 -0.00044081282494051147
0.41500000000000004 -0.00047472150378208923
0.41600000000000004 -0.0004069041460989336
0.417 -0.00035604112783656694
0.418 -0.0004069041460989336
0.419 -0.00042385848551972256
0.42 -0.00038994980667814475
0.421 -0.00044081282494051147
0.422 -0.00042385848551972256
0.423 -0.00042385848551972256
0.424 -0.00042385848551972256
0.425 -0.00038994980667814475
0.426 -0.00044081282494051147
0.427 -0.0004069041460989336
0.428 -0.0004577671643613003
0.429 -0.00038994980667814475
0.43 -0.00038994980667814475
0.431 -0.00044081282494051147
0.432 -0.0004069041460989336
0.433 -0.00038994980667814475
0.434 -0.00042385848551972256
0.435 -0.0004069041460989336
0.436 -0.0004069041460989336
0.437 -0.00038994980667814475
0.438 -0.00042385848551972256
0.439 -0.00035604112783656694
0.44 -0.00035604112783656694
0.441 -0.0004069041460989336
0.442 -0.00037299546725735584
0.443 -0.00037299546725735584
0.444 -0.00038994980667814475
0.445 -0.0004069041460989336
0.446 -0.00038994980667814475
0.447 -0.00033908678841577803
0.448 -0.0004069041460989336
0.449 -0.00038994980667814475
0.45 -0.00038994980667814475
0.451 -0.00042385848551972256
0.452 -0.00042385848551972256
0.453 -0.00037299546725735584
0.454 -0.00042385848551972256
0.455 -0.0004069041460989336
0.456 -0.0004577671643613003
0.457 -0.00042385848551972256
0.458 -0.00038994980667814475
0.459 -0.00042385848551972256
0.46 -0.00042385848551972256
0.461 -0.00035604112783656694
0.462 -0.0004069041460989336
0.463 -0.0004069041460989336
0.464 -0.00037299546725735584
0.465 -0.00042385848551972256
0.466 -0.00038994980667814475
0.467 -0.00038994980667814475
0.468 -0.00047472150378208923
0.46900000000000003 -0.0004069041460989336
0.47000000000000003 -0.00042385848551972256
0.47100000000000003 -0.0004577671643613003
0.47200000000000003 -0.0004577671643613003
0.47300000000000003 -0.00037299546725735584
0.47400000000000003 -0.0004069041460989336
0.47500000000000003 -0.00035604112783656694
0.47600000000000003 -0.00038994980667814475
0.47700000000000004 -0.00033908678841577803
0.47800000000000004 -0.0004069041460989336
0.47900000000000004 -0.0004069041460989336
0.48 -0.0004069041460989336
0.481 -0.0004069041460989336
0.482 -0.00042385848551972256
0.483 -0.00038994980667814475
0.484 -0.00038994980667814475
0.485 -0.00042385848551972256
0.486 -0.00044081282494051147
0.487 -0.0004069041460989336
0.488 -0.0004916758432028782
0.489 -0.0004069041460989336
0.49 -0.00044081282494051147
0.491 -0.00042385848551972256
0.492 -0.00038994980667814475
0.493 -0.00042385848551972256
0.494 -0.00038994980667814475
0.495 -0.00044081282494051147
0.496 -0.00042385848551972256
0.497 -0.0004577671643613003
0.498 -0.00042385848551972256
0.499 -0.0004069041460989336
0.5 -0.00035604112783656694
0.501 -0.00035604112783656694
0.502 -0.00038994980667814475
0.503 -0.00037299546725735584
0.504 -0.0004069041460989336
0.505 -0.00044081282494051147
0.506 -0.00037299546725735584
0.507 -0.00042385848551972256
0.508 -0.00037299546725735584
0.509 -0.00044081282494051147
0.51 -0.00042385848551972256
0.511 -0.00038994980667814475
0.512 -0.0004069041460989336
0.513 -0.00035604112783656694
0.514 -0.0004069041460989336
0.515 -0.00038994980667814475
0.516 -0.0004069041460989336
0.517 -0.0004069041460989336
0.518 -0.00042385848551972256
0.519 -0.00037299546725735584
0.52 -0.00044081282494051147
0.521 -0.00038994980667814475
0.522 -0.0004069041460989336
0.523 -0.0004577671643613003
0.524 -0.00038994980667814475
0.525 -0.00044081282494051147
0.526 -0.0004577671643613003
0.527 -0.0004069041460989336
0.528 -0.00035604112783656694
0.529 -0.00038994980667814475
0.53 -0.00038994980667814475
0.531 -0.00042385848551972256
0.532 -0.00037299546725735584
0.533 -0.00038994980667814475
0.534 -0.00033908678841577803
0.535 -0.00044081282494051147
0.536 -0.00037299546725735584
0.537 -0.0004069041460989336
0.538 -0.00047472150378208923
0.539 -0.00044081282494051147
0.54 -0.00037299546725735584
0.541 -0.0004069041460989336
0.542 -0.00038994980667814475
0.543 -0.0004577671643613003
0.544 -0.00038994980667814475
0.545 -0.00038994980667814475
0.546 -0.00037299546725735584
0.547 -0.00044081282494051147
0.548 -0.00042385848551972256
0.549 -0.0004069041460989336
0.55 -0.00042385848551972256
0.551 -0.00044081282494051147
0.552 -0.00038994980667814475
0.553 -0.0004069041460989336
0.554 -0.00037299546725735584
0.555 -0.00044081282494051147
0.556 -0.0004069041460989336
0.557 -0.00038994980667814475
0.558 -0.0004577671643613003
0.559 -0.0004069041460989336
0.56 -0.00033908678841577803
0.561 -0.0004577671643613003
0.562 -0.00042385848551972256
0.5630000000000001 -0.00037299546725735584
0.5640000000000001 -0.00033908678841577803
0.5650000000000001 -0.00042385848551972256
0.5660000000000001 -0.00037299546725735584
0.5670000000000001 -0.00042385848551972256
0.5680000000000001 -0.00037299546725735584
0.5690000000000001 -0.00038994980667814475
0.5700000000000001 -0.00042385848551972256
0.5710000000000001 -0.0004069041460989336
0.5720000000000001 -0.00042385848551972256
0.5730000000000001 -0.00042385848551972256
0.5740000000000001 -0.00042385848551972256
0.5750000000000001 -0.00042385848551972256
0.5760000000000001 -0.00037299546725735584
0.577 -0.0004069041460989336
0.578 -0.00042385848551972256
0.579 -0.0004069041460989336
0.58 -0.00042385848551972256
0.581 -0.0004577671643613003
0.582 -0.00042385848551972256
0.583 -0.00038994980667814475
0.584 -0.00044081282494051147
0.585 -0.0004069041460989336
0.586 -0.0004069041460989336
0.587 -0.0004069041460989336
0.588 -0.00042385848551972256
0.589 -0.00038994980667814475
0.59 -0.00037299546725735584
0.591 -0.00038994980667814475
0.592 -0.00044081282494051147
0.593 -0.00042385848551972256
0.594 -0.00038994980667814475
0.595 -0.00038994980667814475
0.596 -0.00038994980667814475
0.597 -0.0004069041460989336
0.598 -0.0004577671643613003
0.599 -0.0004577671643613003
0.6 -0.00044081282494051147
0.601 -0.0004069041460989336
0.602 -0.0004069041460989336
0.603 -0.0004069041460989336
0.604 -0.00044081282494051147
0.605 -0.0004577671643613003
0.606 -0.00042385848551972256
0.607 -0.0004069041460989336
0.608 -0.0004069041460989336
0.609 -0.00038994980667814475
0.61 -0.0004916758432028782
0.611 -0.00042385848551972256
0.612 -0.00038994980667814475
0.613 -0.00038994980667814475
0.614 -0.00044081282494051147
0.615 -0.0004916758432028782
0.616 -0.0004069041460989336
0.617 -0.00047472150378208923
0.618 -0.0004069041460989336
0.619 -0.00038994980667814475
0.62 -0.0004069041460989336
0.621 -0.00035604112783656694
0.622 -0.0004069041460989336
0.623 -0.0004069041460989336
0.624 -0.00038994980667814475
0.625 -0.0004069041460989336
0.626 -0.00044081282494051147
0.627 -0.0004069041460989336
0.628 -0.00038994980667814475
0.629 -0.00037299546725735584
0.63 -0.0004069041460989336
0.631 -0.00038994980667814475
0.632 -0.0004069041460989336
0.633 -0.00038994980667814475
0.634 -0.0004069041460989336
0.635 -0.00044081282494051147
0.636 -0.00035604112783656694
0.637 -0.0004577671643613003
0.638 -0.00038994980667814475
0.639 -0.0004069041460989336
0.64 -0.00037299546725735584
0.641 -0.00047472150378208923
0.642 -0.00038994980667814475
0.643 -0.0004069041460989336
0.644 -0.00044081282494051147
0.645 -0.00044081282494051147
0.646 -0.00042385848551972256
0.647 -0.00037299546725735584
0.648 -0.0004069041460989336
0.649 -0.00035604112783656694
0.65 -0.00044081282494051147
0.651 -0.00042385848551972256
0.652 -0.00038994980667814475
0.653 -0.0004069041460989336
0.654 -0.00047472150378208923
0.655 -0.00042385848551972256
0.656 -0.0004069041460989336
0.657 -0.00044081282494051147
0.658 -0.00037299546725735584
0.659 -0.0004069041460989336
0.66 -0.00044081282494051147
0.661 -0.00038994980667814475
0.662 -0.00033908678841577803
0.663 -0.00044081282494051147
0.664 -0.00037299546725735584
0.665 -0.00038994980667814475
0.666 -0.00038994980667814475
0.667 -0.00038994980667814475
0.668 -0.00042385848551972256
0.669 -0.00037299546725735584
0.67 -0.00037299546725735584
0.671 -0.00037299546725735584
0.672 -0.00037299546725735584
0.673 -0.00047472150378208923
0.674 -0.00042385848551972256
0.675 -0.00037299546725735584
0.676 -0.00047472150378208923
0.677 -0.00044081282494051147
0.678 -0.00042385848551972256
0.679 -0.00044081282494051147
0.68 -0.00037299546725735584
0.681 -0.00038994980667814475
0.682 -0.00037299546725735584
0.683 -0.00042385848551972256
0.684 -0.0004069041460989336
0.685 -0.00042385848551972256
0.686 -0.00038994980667814475
0.687 -0.0004069041460989336
0.6880000000000001 -0.0004069041460989336
0.6890000000000001 -0.0004069041460989336
0.6900000000000001 -0.0004069041460989336
0.6910000000000001 -0.0004577671643613003
0.6920000000000001 -0.00038994980667814475
0.6930000000000001 -0.00033908678841577803
0.6940000000000001 -0.00038994980667814475
0.6950000000000001 -0.00044081282494051147
0.6960000000000001 -0.00037299546725735584
0.6970000000000001 -0.0004069041460989336
0.6980000000000001 -0.00037299546725735584
0.6990000000000001 -0.0004069041460989336
0.7000000000000001 -0.0004069041460989336
0.7010000000000001 -0.0004577671643613003
0.7020000000000001 -0.00042385848551972256
0.7030000000000001 -0.00037299546725735584
0.704 -0.00037299546725735584
0.705 -0.0004069041460989336
0.706 -0.0004577671643613003
0.707 -0.00047472150378208923
0.708 -0.00042385848551972256
0.709 -0.00042385848551972256
0.71 -0.00035604112783656694
0.711 -0.0004069041460989336
0.712 -0.0004069041460989336
0.713 -0.00042385848551972256
0.714 -0.00038994980667814475
0.715 -0.00035604112783656694
0.716 -0.0004069041460989336
0.717 -0.0004577671643613003
0.718 -0.00037299546725735584
0.719 -0.00042385848551972256
0.72 -0.0004069041460989336
0.721 -0.00035604112783656694
0.722 -0.0004069041460989336
0.723 -0.00035604112783656694
0.724 -0.0004069041460989336
0.725 -0.0004069041460989336
0.726 -0.00038994980667814475
0.727 -0.00042385848551972256
0.728 -0.00038994980667814475
0.729 -0.00037299546725735584
0.73 -0.00042385848551972256
0.731 -0.00042385848551972256
0.732 -0.00038994980667814475
0.733 -0.00047472150378208923
0.734 -0.0004069041460989336
0.735 -0.00044081282494051147
0.736 -0.0004069041460989336
0.737 -0.00038994980667814475
0.738 -0.0004069041460989336
0.739 -0.00038994980667814475
0.74 -0.00035604112783656694
0.741 -0.00047472150378208923
0.742 -0.00038994980667814475
0.743 -0.00042385848551972256
0.744 -0.00042385848551972256
0.745 -0.00042385848551972256
0.746 -0.00038994980667814475
0.747 -0.0004577671643613003
0.748 -0.0004069041460989336
0.749 -0.0004069041460989336
0.75 -0.0004069041460989336
0.751 -0.00038994980667814475
0.752 -0.0004069041460989336
0.753 -0.00044081282494051147
0.754 -0.0004069041460989336
0.755 -0.00035604112783656694
0.756 -0.00042385848551972256
0.757 -0.00044081282494051147
0.758 -0.00042385848551972256
0.759 -0.0004069041460989336
0.76 -0.00038994980667814475
0.761 -0.00038994980667814475
0.762 -0.0004069041460989336
0.763 -0.00038994980667814475
0.764 -0.00037299546725735584
0.765 -0.00042385848551972256
0.766 -0.00042385848551972256
0.767 -0.00044081282494051147
0.768 -0.00038994980667814475
0.769 -0.0004577671643613003
0.77 -0.00044081282494051147
0.771 -0.00044081282494051147
0.772 -0.00042385848551972256
0.773 -0.00042385848551972256
0.774 -0.00042385848551972256
0.775 -0.0004069041460989336
0.776 -0.0004577671643613003
0.777 -0.0004577671643613003
0.778 -0.0004069041460989336
0.779 -0.00042385848551972256
0.78 -0.0004069041460989336
0.781 -0.0004069041460989336
0.782 -0.00044081282494051147
0.783 -0.00042385848551972256
0.784 -0.00047472150378208923
0.785 -0.0004577671643613003
0.786 -0.0004069041460989336
0.787 -0.0004577671643613003
0.788 -0.00037299546725735584
0.789 -0.0004069041460989336
0.79 -0.0004069041460989336
0.791 -0.00047472150378208923
0.792 -0.0004069041460989336
0.793 -0.00037299546725735584
0.794 -0.00038994980667814475
0.795 -0.0004069041460989336
0.796 -0.00042385848551972256
0.797 -0.00044081282494051147
0.798 -0.0004069041460989336
0.799 -0.0004577671643613003
0.8 -0.00038994980667814475
0.801 -0.00038994980667814475
0.802 -0.0004069041460989336
0.803 -0.00044081282494051147
0.804 -0.00044081282494051147
0.805 -0.00037299546725735584
0.806 -0.0004577671643613003
0.807 -0.00038994980667814475
0.808 -0.00038994980667814475
0.809 -0.00038994980667814475
0.81 -0.00042385848551972256
0.811 -0.0004069041460989336
0.812 -0.00037299546725735584
0.8130000000000001 -0.00044081282494051147
0.8140000000000001 -0.00044081282494051147
0.8150000000000001 -0.00038994980667814475
0.8160000000000001 -0.0004069041460989336
0.8170000000000001 -0.00038994980667814475
0.8180000000000001 -0.00044081282494051147
0.8190000000000001 -0.0004069041460989336
0.8200000000000001 -0.0004069041460989336
0.8210000000000001 -0.00047472150378208923
0.8220000000000001 -0.00037299546725735584
0.8230000000000001 -0.00044081282494051147
0.8240000000000001 -0.00035604112783656694
0.8250000000000001 -0.00044081282494051147
0.8260000000000001 -0.00044081282494051147
0.8270000000000001 -0.0004069041460989336
0.8280000000000001 -0.00037299546725735584
0.8290000000000001 -0.0004069041460989336
0.8300000000000001 -0.00037299546725735584
0.8310000000000001 -0.0004069041460989336
0.8320000000000001 -0.00035604112783656694
0.833 -0.00042385848551972256
0.834 -0.00035604112783656694
0.835 -0.00044081282494051147
0.836 -0.0004069041460989336
0.837 -0.00037299546725735584
0.838 -0.00042385848551972256
0.839 -0.00038994980667814475
0.84 -0.0004069041460989336
0.841 -0.0004069041460989336
0.842 -0.0004069041460989336
0.843 -0.00044081282494051147
0.844 -0.00042385848551972256
0.845 -0.0004069041460989336
0.846 -0.00044081282494051147
0.847 -0.0004069041460989336
0.848 -0.00042385848551972256
0.849 -0.00042385848551972256
0.85 -0.00042385848551972256
0.851 -0.00038994980667814475
0.852 -0.00038994980667814475
0.853 -0.00042385848551972256
0.854 -0.00047472150378208923
0.855 -0.0004577671643613003
0.856 -0.00042385848551972256
0.857 -0.0004069041460989336
0.858 -0.00044081282494051147
0.859 -0.00042385848551972256
0.86 -0.00044081282494051147
0.861 -0.00038994980667814475
0.862 -0.00035604112783656694
0.863 -0.00038994980667814475
0.864 -0.00044081282494051147
0.865 -0.0005086301826236671
0.866 -0.00038994980667814475
0.867 -0.0004069041460989336
0.868 -0.0004069041460989336
0.869 -0.00047472150378208923
0.87 -0.0004069041460989336
0.871 -0.0004577671643613003
0.872 -0.00042385848551972256
0.873 -0.00038994980667814475
0.874 -0.0004069041460989336
0.875 -0.00042385848551972256
0.876 -0.0004069041460989336
0.877 -0.00042385848551972256
0.878 -0.00042385848551972256
0.879 -0.0004069041460989336
0.88 -0.00038994980667814475
0.881 -0.00044081282494051147
0.882 -0.0004577671643613003
0.883 -0.00044081282494051147
0.884 -0.00042385848551972256
0.885 -0.00038994980667814475
0.886 -0.0004069041460989336
0.887 -0.00044081282494051147
0.888 -0.00038994980667814475
0.889 -0.00044081282494051147
0.89 -0.00038994980667814475
0.891 -0.00037299546725735584
0.892 -0.00037299546725735584
0.893 -0.00038994980667814475
0.894 -0.00042385848551972256
0.895 -0.00042385848551972256
0.896 -0.00044081282494051147
0.897 -0.00044081282494051147
0.898 -0.00044081282494051147
0.899 -0.0004577671643613003
0.9 -0.00047472150378208923
0.901 -0.0004577671643613003
0.902 -0.00042385848551972256
0.903 -0.00037299546725735584
0.904 -0.0004577671643613003
0.905 -0.00042385848551972256
0.906 -0.00038994980667814475
0.907 -0.00038994980667814475
0.908 -0.00042385848551972256
0.909 -0.00037299546725735584
0.91 -0.00038994980667814475
0.911 -0.00038994980667814475
0.912 -0.0004069041460989336
0.913 -0.00038994980667814475
0.914 -0.00042385848551972256
0.915 -0.00038994980667814475
0.916 -0.00044081282494051147
0.917 -0.0004069041460989336
0.918 -0.00044081282494051147
0.919 -0.0004069041460989336
0.92 -0.00044081282494051147
0.921 -0.00047472150378208923
0.922 -0.00037299546725735584
0.923 -0.00044081282494051147
0.924 -0.00037299546725735584
0.925 -0.00042385848551972256
0.926 -0.00038994980667814475
0.927 -0.0004069041460989336
0.928 -0.0004069041460989336
0.929 -0.0004069041460989336
0.93 -0.00042385848551972256
0.931 -0.00037299546725735584
0.932 -0.00037299546725735584
0.933 -0.00044081282494051147
0.934 -0.00037299546725735584
0.935 -0.00037299546725735584
0.936 -0.0004069041460989336
0.937 -0.00044081282494051147
0.9380000000000001 -0.00035604112783656694
0.9390000000000001 -0.00038994980667814475
0.9400000000000001 -0.00047472150378208923
0.9410000000000001 -0.00047472150378208923
0.9420000000000001 -0.00038994980667814475
0.9430000000000001 -0.0004069041460989336
0.9440000000000001 -0.00044081282494051147
0.9450000000000001 -0.00037299546725735584
0.9460000000000001 -0.0004069041460989336
0.9470000000000001 -0.00037299546725735584
0.9480000000000001 -0.00038994980667814475
0.9490000000000001 -0.00042385848551972256
0.9500000000000001 -0.00044081282494051147
0.9510000000000001 -0.00037299546725735584
0.9520000000000001 -0.0004069041460989336
0.9530000000000001 -0.00044081282494051147
0.9540000000000001 -0.0004069041460989336
0.9550000000000001 -0.00042385848551972256
0.9560000000000001 -0.0004577671643613003
0.9570000000000001 -0.00042385848551972256
0.9580000000000001 -0.00038994980667814475
0.9590000000000001 -0.00037299546725735584
0.96 -0.00044081282494051147
0.961 -0.0004069041460989336
0.962 -0.00038994980667814475
0.963 -0.00038994980667814475
0.964 -0.0004069041460989336
0.965 -0.00037299546725735584
0.966 -0.00037299546725735584
0.967 -0.00037299546725735584
0.968 -0.0004069041460989336
0.969 -0.0004069041460989336
0.97 -0.00042385848551972256
0.971 -0.00037299546725735584
0.972 -0.00035604112783656694
0.973 -0.00038994980667814475
0.974 -0.00044081282494051147
0.975 -0.0004069041460989336
0.976 -0.0004069041460989336
0.977 -0.00044081282494051147
0.978 -0.00044081282494051147
0.979 -0.0004577671643613003
0.98 -0.00037299546725735584
0.981 -0.00042385848551972256
0.982 -0.00038994980667814475
0.983 -0.00042385848551972256
0.984 -0.0004577671643613003
0.985 -0.0004577671643613003
0.986 -0.0004069041460989336
0.987 -0.00044081282494051147
0.988 -0.0004069041460989336
0.989 -0.0003221324489949892
0.99 -0.00042385848551972256
0.991 -0.0004069041460989336
0.992 -0.0004069041460989336
0.993 -0.00044081282494051147
0.994 -0.00044081282494051147
0.995 -0.00038994980667814475
0.996 -0.0004069041460989336
0.997 -0.00047472150378208923
0.998 -0.00037299546725735584
0.999 -0.00035604112783656694
1 -0.00038994980667814475
1.0010000000000001 -0.00038994980667814475
1.002 -0.00038994980667814475
1.0030000000000001 -0.00038994980667814475
1.004 -0.00044081282494051147
1.0050000000000001 -0.00035604112783656694
1.006 -0.0004069041460989336
1.0070000000000001 -0.00035604112783656694
1.008 -0.00038994980667814475
1.0090000000000001 -0.00044081282494051147
1.01 -0.00038994980667814475
1.0110000000000001 -0.00038994980667814475
1.012 -0.0005086301826236671
1.0130000000000001 -0.0004069041460989336
1.014 -0.00042385848551972256
1.0150000000000001 -0.0004069041460989336
1.016 -0.00042385848551972256
1.0170000000000001 -0.0004069041460989336
1.018 -0.00037299546725735584
1.0190000000000001 -0.00035604112783656694
1.02 -0.00038994980667814475
1.0210000000000001 -0.00038994980667814475
1.022 -0.00042385848551972256
1.0230000000000001 -0.00038994980667814475
1.024 -0.00037299546725735584
1.025 -0.00044081282494051147
1.026 -0.00044081282494051147
1.027 -0.00042385848551972256
1.028 -0.00042385848551972256
1.029 -0.00042385848551972256
1.03 -0.00038994980667814475
1.031 -0.00037299546725735584
1.032 -0.0004069041460989336
1.033 -0.00042385848551972256
1.034 -0.0004069041460989336
1.035 -0.00042385848551972256
1.036 -0.0004069041460989336
1.037 -0.00038994980667814475
1.038 -0.00044081282494051147
1.039 -0.00037299546725735584
1.04 -0.00042385848551972256
1.041 -0.00047472150378208923
1.042 -0.00042385848551972256
1.043 -0.00038994980667814475
1.044 -0.00044081282494051147
1.045 -0.00044081282494051147
1.046 -0.0004069041460989336
1.047 -0.00042385848551972256
1.048 -0.00038994980667814475
1.049 -0.00042385848551972256
1.05 -0.00044081282494051147
1.051 -0.0004577671643613003
1.052 -0.0004069041460989336
1.053 -0.0004069041460989336
1.054 -0.0004069041460989336
1.055 -0.00037299546725735584
1.056 -0.00038994980667814475
1.057 -0.00042385848551972256
1.058 -0.00038994980667814475
1.059 -0.0004577671643613003
1.06 -0.00042385848551972256
1.061 -0.00042385848551972256
1.062 -0.0004069041460989336
1.063 -0.0004577671643613003
1.064 -0.00042385848551972256
1.065 -0.00038994980667814475
1.066 -0.00044081282494051147
1.067 -0.00044081282494051147
1.068 -0.0004577671643613003
1.069 -0.00044081282494051147
1.07 -0.0004069041460989336
1.071 -0.00044081282494051147
1.072 -0.0004577671643613003
1.073 -0.0004069041460989336
1.074 -0.00038994980667814475
1.075 -0.00037299546725735584
1.076 -0.00037299546725735584
1.077 -0.00038994980667814475
1.078 -0.00042385848551972256
1.079 -0.00035604112783656694
1.08 -0.00042385848551972256
1.081 -0.00038994980667814475
1.082 -0.00044081282494051147
1.083 -0.00038994980667814475
1.084 -0.0004069041460989336
1.085 -0.00038994980667814475
1.086 -0.00037299546725735584
1.087 -0.00038994980667814475
1.088 -0.0004069041460989336
1.089 -0.00038994980667814475
1.09 -0.00042385848551972256
1.091 -0.00042385848551972256
1.092 -0.00033908678841577803
1.093 -0.00044081282494051147
1.094 -0.0004069041460989336
1.095 -0.00042385848551972256
1.096 -0.00038994980667814475
1.097 -0.00038994980667814475
1.098 -0.00044081282494051147
1.099 -0.00042385848551972256
1.1 -0.00042385848551972256
1.101 -0.00042385848551972256
1.102 -0.00044081282494051147
1.103 -0.00044081282494051147
1.104 -0.0004069041460989336
1.105 -0.00044081282494051147
1.106 -0.0004069041460989336
1.107 -0.00044081282494051147
1.108 -0.0004069041460989336
1.109 -0.00038994980667814475
1.11 -0.00037299546725735584
1.111 -0.00044081282494051147
1.112 -0.00038994980667814475
1.113 -0.0004069041460989336
1.114 -0.0004069041460989336
1.115 -0.00038994980667814475
1.116 -0.00042385848551972256
1.117 -0.00038994980667814475
1.118 -0.00038994980667814475
1.119 -0.00044081282494051147
1.12 -0.00038994980667814475
1.121 -0.0004577671643613003
1.122 -0.0004577671643613003
1.123 -0.00038994980667814475
1.124 -0.00042385848551972256
1.125 -0.00038994980667814475
1.1260000000000001 -0.00037299546725735584
1.127 -0.0004069041460989336
1.1280000000000001 -0.00044081282494051147
1.129 -0.0004577671643613003
1.1300000000000001 -0.00044081282494051147
1.131 -0.0004577671643613003
1.1320000000000001 -0.0004069041460989336
1.133 -0.00042385848551972256
1.1340000000000001 -0.00044081282494051147
1.135 -0.0004577671643613003
1.1360000000000001 -0.00038994980667814475
1.137 -0.00044081282494051147
1.1380000000000001 -0.00035604112783656694
1.139 -0.0004069041460989336
1.1400000000000001 -0.00044081282494051147
1.141 -0.00038994980667814475
1.1420000000000001 -0.00044081282494051147
1.143 -0.00038994980667814475
1.1440000000000001 -0.00037299546725735584
1.145 -0.00042385848551972256
1.1460000000000001 -0.00037299546725735584
1.147 -0.00042385848551972256
1.1480000000000001 -0.00038994980667814475
1.149 -0.0004577671643613003
1.1500000000000001 -0.0004069041460989336
1.151 -0.00042385848551972256
1.1520000000000001 -0.00042385848551972256
1.153 -0.00042385848551972256
1.154 -0.0004069041460989336
1.155 -0.00042385848551972256
1.156 -0.00042385848551972256
1.157 -0.0004069041460989336
1.158 -0.00044081282494051147
1.159 -0.0004069041460989336
1.16 -0.0004069041460989336
1.161 -0.0004577671643613003
1.162 -0.00038994980667814475
1.163 -0.00037299546725735584
1.164 -0.0004577671643613003
1.165 -0.00038994980667814475
1.166 -0.00042385848551972256
1.167 -0.00044081282494051147
1.168 -0.00042385848551972256
1.169 -0.00038994980667814475
1.17 -0.00042385848551972256
1.171 -0.00038994980667814475
1.172 -0.0004069041460989336
1.173 -0.00035604112783656694
1.174 -0.00037299546725735584
1.175 -0.00037299546725735584
1.176 -0.00035604112783656694
1.177 -0.0004069041460989336
1.178 -0.0004069041460989336
1.179 -0.0004069041460989336
1.18 -0.0004069041460989336
1.181 -0.00037299546725735584
1.182 -0.00035604112783656694
1.183 -0.00042385848551972256
1.184 -0.0004577671643613003
1.185 -0.0004069041460989336
1.186 -0.0004069041460989336
1.187 -0.00038994980667814475
1.188 -0.0004069041460989336
1.189 -0.00038994980667814475
1.19 -0.00038994980667814475
1.191 -0.0004069041460989336
1.192 -0.00042385848551972256
1.193 -0.0004069041460989336
1.194 -0.0004069041460989336
1.195 -0.00044081282494051147
1.196 -0.00038994980667814475
1.197 -0.00042385848551972256
1.198 -0.00037299546725735584
1.199 -0.0004069041460989336
1.2 -0.00038994980667814475
1.201 -0.0004069041460989336
1.202 -0.00037299546725735584
1.203 -0.0004069041460989336
1.204 -0.00042385848551972256
1.205 -0.00042385848551972256
1.206 -0.00037299546725735584
1.207 -0.00044081282494051147
1.208 -0.0004069041460989336
1.209 -0.0004577671643613003
1.21 -0.00038994980667814475
1.211 -0.00038994980667814475
1.212 -0.0004577671643613003
1.213 -0.0004069041460989336
1.214 -0.00035604112783656694
1.215 -0.00042385848551972256
1.216 -0.0003221324489949892
1.217 -0.00047472150378208923
1.218 -0.0004069041460989336
1.219 -0.00038994980667814475
1.22 -0.00038994980667814475
1.221 -0.00038994980667814475
1.222 -0.00037299546725735584
1.223 -0.00038994980667814475
1.224 -0.00042385848551972256
1.225 -0.00042385848551972256
1.226 -0.00037299546725735584
1.227 -0.00037299546725735584
1.228 -0.0004069041460989336
1.229 -0.00038994980667814475
1.23 -0.0004069041460989336
1.231 -0.0004069041460989336
1.232 -0.0004069041460989336
1.233 -0.0004069041460989336
1.234 -0.00038994980667814475
1.235 -0.0004577671643613003
1.236 -0.0004069041460989336
1.237 -0.0004069041460989336
1.238 -0.00042385848551972256
1.239 -0.00035604112783656694
1.24 -0.00037299546725735584
1.241 -0.00047472150378208923
1.242 -0.00042385848551972256
1.243 -0.00037299546725735584
1.244 -0.00042385848551972256
1.245 -0.00044081282494051147
1.246 -0.00038994980667814475
1.247 -0.0004577671643613003
1.248 -0.00047472150378208923
1.249 -0.00042385848551972256
1.25 -0.0004069041460989336
1.2510000000000001 -0.00042385848551972256
1.252 -0.00042385848551972256
1.2530000000000001 -0.0004069041460989336
1.254 -0.00044081282494051147
1.2550000000000001 -0.00035604112783656694
1.256 -0.00044081282494051147
1.2570000000000001 -0.00042385848551972256
1.258 -0.00044081282494051147
1.2590000000000001 -0.00042385848551972256
1.26 -0.00037299546725735584
1.2610000000000001 -0.00038994980667814475
1.262 -0.00038994980667814475
1.2630000000000001 -0.00038994980667814475
1.264 -0.00037299546725735584
1.2650000000000001 -0.00042385848551972256
1.266 -0.00042385848551972256
1.2670000000000001 -0.00037299546725735584
1.268 -0.00047472150378208923
1.2690000000000001 -0.0004069041460989336
1.27 -0.0004069041460989336
1.2710000000000001 -0.00033908678841577803
1.272 -0.0004916758432028782
1.2730000000000001 -0.00038994980667814475
1.274 -0.00044081282494051147
1.2750000000000001 -0.00044081282494051147
1.276 -0.0004577671643613003
1.2770000000000001 -0.0004069041460989336
1.278 -0.00038994980667814475
1.2790000000000001 -0.00038994980667814475
1.28 -0.0004069041460989336
1.281 -0.00037299546725735584
1.282 -0.0004069041460989336
1.283 -0.00042385848551972256
1.284 -0.0004577671643613003
1.285 -0.00037299546725735584
1.286 -0.0004577671643613003
1.287 -0.00038994980667814475
1.288 -0.0004577671643613003
1.289 -0.0004069041460989336
1.29 -0.00042385848551972256
1.291 -0.0004069041460989336
1.292 -0.0004916758432028782
1.293 -0.0004577671643613003
1.294 -0.0004069041460989336
1.295 -0.00042385848551972256
1.296 -0.00042385848551972256
1.297 -0.00038994980667814475
1.298 -0.00044081282494051147
1.299 -0.0004069041460989336
1.3 -0.0004069041460989336
1.301 -0.00042385848551972256
1.302 -0.0004069041460989336
1.303 -0.00042385848551972256
1.304 -0.00035604112783656694
1.305 -0.0004069041460989336
1.306 -0.00038994980667814475
1.307 -0.00038994980667814475
1.308 -0.0004069041460989336
1.309 -0.0004069041460989336
1.31 -0.0004577671643613003
1.311 -0.00042385848551972256
1.312 -0.0004069041460989336
1.313 -0.00035604112783656694
1.314 -0.00035604112783656694
1.315 -0.0004069041460989336
1.316 -0.00042385848551972256
1.317 -0.00042385848551972256
1.318 -0.00042385848551972256
1.319 -0.00042385848551972256
1.32 -0.00037299546725735584
1.321 -0.0004069041460989336
1.322 -0.00038994980667814475
1.323 -0.00044081282494051147
1.324 -0.00038994980667814475
1.325 -0.00044081282494051147
1.326 -0.00037299546725735584
1.327 -0.00037299546725735584
1.328 -0.00042385848551972256
1.329 -0.00038994980667814475
1.33 -0.00042385848551972256
1.331 -0.00037299546725735584
1.332 -0.00044081282494051147
1.333 -0.00044081282494051147
1.334 -0.00038994980667814475
1.335 -0.00037299546725735584
1.336 -0.0004577671643613003
1.337 -0.0004069041460989336
1.338 -0.0004069041460989336
1.339 -0.00033908678841577803
1.34 -0.0004069041460989336
1.341 -0.00037299546725735584
1.342 -0.0004069041460989336
1.343 -0.00035604112783656694
1.344 -0.00047472150378208923
1.345 -0.0004069041460989336
1.346 -0.0004577671643613003
1.347 -0.00042385848551972256
1.348 -0.00037299546725735584
1.349 -0.0004577671643613003
1.35 -0.00038994980667814475
1.351 -0.00044081282494051147
1.352 -0.0004069041460989336
1.353 -0.00047472150378208923
1.354 -0.00044081282494051147
1.355 -0.00038994980667814475
1.356 -0.0004577671643613003
1.357 -0.00044081282494051147
1.358 -0.00047472150378208923
1.359 -0.00042385848551972256
1.36 -0.00037299546725735584
1.361 -0.0004069041460989336
1.362 -0.0004069041460989336
1.363 -0.00038994980667814475
1.364 -0.0004069041460989336
1.365 -0.0004069041460989336
1.366 -0.0004577671643613003
1.367 -0.00042385848551972256
1.368 -0.0004069041460989336
1.369 -0.0004577671643613003
1.37 -0.00044081282494051147
1.371 -0.00038994980667814475
1.372 -0.00038994980667814475
1.373 -0.00035604112783656694
1.374 -0.00038994980667814475
1.375 -0.00044081282494051147
1.3760000000000001 -0.0004069041460989336
1.377 -0.00037299546725735584
1.3780000000000001 -0.0004069041460989336
1.379 -0.00042385848551972256
1.3800000000000001 -0.00044081282494051147
1.381 -0.0004069041460989336
1.3820000000000001 -0.00042385848551972256
1.383 -0.00037299546725735584
1.3840000000000001 -0.00044081282494051147
1.385 -0.00044081282494051147
1.3860000000000001 -0.00037299546725735584
1.387 -0.00035604112783656694
1.3880000000000001 -0.00044081282494051147
1.389 -0.00038994980667814475
1.3900000000000001 -0.00044081282494051147
1.391 -0.0004069041460989336
1.3920000000000001 -0.00037299546725735584
1.393 -0.00037299546725735584
1.3940000000000001 -0.00037299546725735584
1.395 -0.00038994980667814475
1.3960000000000001 -0.00044081282494051147
1.397 -0.00044081282494051147
1.3980000000000001 -0.0004577671643613003
1.399 -0.00042385848551972256
1.4000000000000001 -0.00044081282494051147
1.401 -0.0004069041460989336
1.4020000000000001 -0.00033908678841577803
1.403 -0.00042385848551972256
1.4040000000000001 -0.0004069041460989336
1.405 -0.0004069041460989336
1.4060000000000001 -0.00035604112783656694
1.407 -0.0004069041460989336
1.408 -0.00035604112783656694
1.409 -0.00038994980667814475
1.41 -0.0004069041460989336
1.411 -0.00042385848551972256
1.412 -0.00042385848551972256
1.413 -0.00042385848551972256
1.414 -0.00035604112783656694
1.415 -0.0004069041460989336
1.416 -0.00033908678841577803
1.417 -0.00038994980667814475
1.418 -0.00038994980667814475
1.419 -0.0004069041460989336
1.42 -0.00042385848551972256
1.421 -0.00037299546725735584
1.422 -0.00044081282494051147
1.423 -0.0004069041460989336
1.424 -0.00042385848551972256
1.425 -0.0004069041460989336
1.426 -0.0004069041460989336
1.427 -0.0004069041460989336
1.428 -0.00038994980667814475
1.429 -0.0004577671643613003
1.43 -0.00042385848551972256
1.431 -0.00047472150378208923
1.432 -0.00044081282494051147
1.433 -0.00047472150378208923
1.434 -0.00037299546725735584
1.435 -0.00044081282494051147
1.436 -0.0004069041460989336
1.437 -0.0004577671643613003
1.438 -0.00037299546725735584
1.439 -0.0004069041460989336
1.44 -0.00038994980667814475
1.441 -0.0004916758432028782
1.442 -0.00038994980667814475
1.443 -0.00035604112783656694
1.444 -0.00035604112783656694
1.445 -0.0004069041460989336
1.446 -0.0004069041460989336
1.447 -0.00037299546725735584
1.448 -0.00047472150378208923
1.449 -0.0004069041460989336
1.45 -0.0004577671643613003
1.451 -0.0004916758432028782
1.452 -0.0004069041460989336
1.453 -0.00044081282494051147
1.454 -0.00047472150378208923
1.455 -0.00038994980667814475
1.456 -0.00042385848551972256
1.457 -0.00042385848551972256
1.458 -0.0004069041460989336
1.459 -0.0004577671643613003
1.46 -0.00038994980667814475
1.461 -0.0004069041460989336
1.462 -0.00037299546725735584
1.463 -0.00044081282494051147
1.464 -0.00037299546725735584
1.465 -0.00042385848551972256
1.466 -0.00044081282494051147
1.467 -0.00044081282494051147
1.468 -0.00042385848551972256
1.469 -0.00033908678841577803
1.47 -0.00042385848551972256
1.471 -0.0004916758432028782
1.472 -0.00038994980667814475
1.473 -0.00042385848551972256
1.474 -0.00037299546725735584
1.475 -0.00044081282494051147
1.476 -0.0004577671643613003
1.477 -0.0004069041460989336
1.478 -0.00044081282494051147
1.479 -0.0004069041460989336
1.48 -0.00042385848551972256
1.481 -0.00042385848551972256
1.482 -0.0004069041460989336
1.483 -0.00042385848551972256
1.484 -0.00042385848551972256
1.485 -0.0004577671643613003
1.486 -0.00037299546725735584
1.487 -0.0004069041460989336
1.488 -0.00035604112783656694
1.489 -0.00047472150378208923
1.49 -0.00044081282494051147
1.491 -0.00038994980667814475
1.492 -0.0004577671643613003
1.493 -0.00037299546725735584
1.494 -0.00042385848551972256
1.495 -0.0004069041460989336
1.496 -0.0004069041460989336
1.497 -0.0004069041460989336
1.498 -0.0004069041460989336
1.499 -0.00038994980667814475
1.5 -0.00042385848551972256
1.5010000000000001 -0.00042385848551972256
1.502 -0.00042385848551972256
1.5030000000000001 -0.00038994980667814475
1.504 -0.0004069041460989336
1.5050000000000001 -0.00047472150378208923
1.506 -0.00038994980667814475
1.5070000000000001 -0.00037299546725735584
1.508 -0.0004069041460989336
1.5090000000000001 -0.00042385848551972256
1.51 -0.00042385848551972256
1.5110000000000001 -0.0004916758432028782
1.512 -0.00042385848551972256
1.5130000000000001 -0.00042385848551972256
1.514 -0.00044081282494051147
1.5150000000000001 -0.00037299546725735584
1.516 -0.00037299546725735584
1.5170000000000001 -0.00037299546725735584
1.518 -0.00038994980667814475
1.5190000000000001 -0.0004577671643613003
1.52 -0.00037299546725735584
1.5210000000000001 -0.00044081282494051147
1.522 -0.0004069041460989336
1.5230000000000001 -0.00044081282494051147
1.524 -0.00042385848551972256
1.5250000000000001 -0.00037299546725735584
1.526 -0.00042385848551972256
1.5270000000000001 -0.00038994980667814475
1.528 -0.0004069041460989336
1.5290000000000001 -0.00042385848551972256
1.53 -0.00042385848551972256
1.5310000000000001 -0.00038994980667814475
1.532 -0.00047472150378208923
1.5330000000000001 -0.0004069041460989336
1.534 -0.00042385848551972256
1.5350000000000001 -0.00038994980667814475
1.536 -0.00038994980667814475
1.537 -0.0004069041460989336
1.538 -0.0004069041460989336
1.539 -0.0004069041460989336
1.54 -0.00042385848551972256
1.541 -0.00042385848551972256
1.542 -0.00033908678841577803
1.543 -0.0004069041460989336
1.544 -0.00037299546725735584
1.545 -0.00035604112783656694
1.546 -0.00037299546725735584
1.547 -0.00037299546725735584
1.548 -0.00042385848551972256
1.549 -0.00037299546725735584
1.55 -0.00035604112783656694
1.551 -0.00038994980667814475
1.552 -0.00044081282494051147
1.553 -0.00042385848551972256
1.554 -0.00044081282494051147
1.555 -0.00044081282494051147
1.556 -0.00042385848551972256
1.557 -0.00038994980667814475
1.558 -0.00042385848551972256
1.559 -0.00042385848551972256
1.56 -0.00037299546725735584
1.561 -0.00042385848551972256
1.562 -0.00035604112783656694
1.563 -0.00044081282494051147
1.564 -0.00037299546725735584
1.565 -0.0004069041460989336
1.566 -0.0004069041460989336
1.567 -0.00042385848551972256
1.568 -0.0004577671643613003
1.569 -0.00047472150378208923
1.57 -0.0004069041460989336
1.571 -0.0004577671643613003
1.572 -0.0004069041460989336
1.573 -0.00038994980667814475
1.574 -0.0004069041460989336
1.575 -0.00042385848551972256
1.576 -0.00038994980667814475
1.577 -0.00047472150378208923
1.578 -0.0004069041460989336
1.579 -0.00042385848551972256
1.58 -0.00038994980667814475
1.581 -0.00044081282494051147
1.582 -0.00038994980667814475
1.583 -0.0004577671643613003
1.584 -0.00042385848551972256
1.585 -0.0004069041460989336
1.586 -0.00042385848551972256
1.587 -0.00035604112783656694
1.588 -0.00044081282494051147
1.589 -0.0004069041460989336
1.59 -0.00042385848551972256
1.591 -0.0004069041460989336
1.592 -0.00037299546725735584
1.593 -0.00042385848551972256
1.594 -0.00038994980667814475
1.595 -0.00044081282494051147
1.596 -0.00037299546725735584
1.597 -0.0004577671643613003
1.598 -0.00042385848551972256
1.599 -0.00044081282494051147
1.6 -0.00044081282494051147
1.601 -0.0004069041460989336
1.602 -0.00042385848551972256
1.603 -0.00042385848551972256
1.604 -0.00038994980667814475
1.605 -0.00044081282494051147
1.606 -0.00044081282494051147
1.607 -0.00044081282494051147
1.608 -0.00044081282494051147
1.609 -0.0004069041460989336
1.61 -0.00042385848551972256
1.611 -0.0004069041460989336
1.612 -0.00044081282494051147
1.613 -0.00044081282494051147
1.614 -0.00044081282494051147
1.615 -0.0004069041460989336
1.616 -0.00044081282494051147
1.617 -0.00042385848551972256
1.618 -0.00044081282494051147
1.619 -0.00042385848551972256
1.62 -0.0004577671643613003
1.621 -0.0004069041460989336
1.622 -0.00044081282494051147
1.623 -0.00035604112783656694
1.624 -0.00042385848551972256
1.625 -0.00037299546725735584
1.6260000000000001 -0.00037299546725735584
1.627 -0.00038994980667814475
1.6280000000000001 -0.00042385848551972256
1.629 -0.00035604112783656694
1.6300000000000001 -0.00042385848551972256
1.631 -0.0004577671643613003
1.6320000000000001 -0.0004069041460989336
1.633 -0.00047472150378208923
1.6340000000000001 -0.00038994980667814475
1.635 -0.0005086301826236671
1.6360000000000001 -0.00044081282494051147
1.637 -0.0004069041460989336
1.6380000000000001 -0.00044081282494051147
1.639 -0.0004577671643613003
1.6400000000000001 -0.0004577671643613003
1.641 -0.00044081282494051147
1.6420000000000001 -0.00042385848551972256
1.643 -0.00042385848551972256
1.6440000000000001 -0.00035604112783656694
1.645 -0.00042385848551972256
1.6460000000000001 -0.0004069041460989336
1.647 -0.0004916758432028782
1.6480000000000001 -0.0004577671643613003
1.649 -0.00047472150378208923
1.6500000000000001 -0.00038994980667814475
1.651 -0.0004069041460989336
1.6520000000000001 -0.0004069041460989336
1.653 -0.00047472150378208923
1.6540000000000001 -0.00042385848551972256
1.655 -0.0004069041460989336
1.6560000000000001 -0.00044081282494051147
1.657 -0.0004577671643613003
1.6580000000000001 -0.00042385848551972256
1.659 -0.00038994980667814475
1.6600000000000001 -0.00035604112783656694
1.661 -0.00044081282494051147
1.6620000000000001 -0.0004069041460989336
1.663 -0.00038994980667814475
1.6640000000000001 -0.0004577671643613003
1.665 -0.00038994980667814475
1.666 -0.00044081282494051147
1.667 -0.0004069041460989336
1.668 -0.00042385848551972256
1.669 -0.0004577671643613003
1.67 -0.00044081282494051147
1.671 -0.00044081282494051147
1.672 -0.00044081282494051147
1.673 -0.00042385848551972256
1.674 -0.00037299546725735584
1.675 -0.0004069041460989336
1.676 -0.00042385848551972256
1.677 -0.00044081282494051147
1.678 -0.0004069041460989336
1.679 -0.0004069041460989336
1.68 -0.0004069041460989336
1.681 -0.00035604112783656694
1.682 -0.00038994980667814475
1.683 -0.00044081282494051147
1.684 -0.00033908678841577803
1.685 -0.00044081282494051147
1.686 -0.0004069041460989336
1.687 -0.00038994980667814475
1.688 -0.00037299546725735584
1.689 -0.0004069041460989336
1.69 -0.0004069041460989336
1.691 -0.00038994980667814475
1.692 -0.00038994980667814475
1.693 -0.00038994980667814475
1.694 -0.00042385848551972256
1.695 -0.0004069041460989336
1.696 -0.00038994980667814475
1.697 -0.00038994980667814475
1.698 -0.00044081282494051147
1.699 -0.0004069041460989336
1.7 -0.00044081282494051147
1.701 -0.00044081282494051147
1.702 -0.0004069041460989336
1.703 -0.00042385848551972256
1.704 -0.00047472150378208923
1.705 -0.00037299546725735584
1.706 -0.00042385848551972256
1.707 -0.00042385848551972256
1.708 -0.00047472150378208923
1.709 -0.0004069041460989336
1.71 -0.00042385848551972256
1.711 -0.0004069041460989336
1.712 -0.00038994980667814475
1.713 -0.0004069041460989336
1.714 -0.00047472150378208923
1.715 -0.00042385848551972256
1.716 -0.00044081282494051147
1.717 -0.00042385848551972256
1.718 -0.00038994980667814475
1.719 -0.0004577671643613003
1.72 -0.00038994980667814475
1.721 -0.0004069041460989336
1.722 -0.00037299546725735584
1.723 -0.00042385848551972256
1.724 -0.00042385848551972256
1.725 -0.00038994980667814475
1.726 -0.0004069041460989336
1.727 -0.00038994980667814475
1.728 -0.0004069041460989336
1.729 -0.00042385848551972256
1.73 -0.00042385848551972256
1.731 -0.0004069041460989336
1.732 -0.0004069041460989336
1.733 -0.00044081282494051147
1.734 -0.00033908678841577803
1.735 -0.00038994980667814475
1.736 -0.00042385848551972256
1.737 -0.00042385848551972256
1.738 -0.00047472150378208923
1.739 -0.0004577671643613003
1.74 -0.00038994980667814475
1.741 -0.0004069041460989336
1.742 -0.00042385848551972256
1.743 -0.00038994980667814475
1.744 -0.00042385848551972256
1.745 -0.00037299546725735584
1.746 -0.00042385848551972256
1.747 -0.00037299546725735584
1.748 -0.00042385848551972256
1.749 -0.0004069041460989336
1.75 -0.00038994980667814475
1.7510000000000001 -0.00044081282494051147
1.752 -0.00038994980667814475
1.7530000000000001 -0.0004069041460989336
1.754 -0.00044081282494051147
1.7550000000000001 -0.00037299546725735584
1.756 -0.00038994980667814475
1.7570000000000001 -0.0004069041460989336
1.758 -0.0004069041460989336
1.7590000000000001 -0.0004577671643613003
1.76 -0.00035604112783656694
1.7610000000000001 -0.0004577671643613003
1.762 -0.00042385848551972256
1.7630000000000001 -0.00044081282494051147
1.764 -0.00042385848551972256
1.7650000000000001 -0.00038994980667814475
1.766 -0.0004069041460989336
1.7670000000000001 -0.00037299546725735584
1.768 -0.00042385848551972256
1.7690000000000001 -0.0004577671643613003
1.77 -0.00042385848551972256
1.7710000000000001 -0.0004916758432028782
1.772 -0.00044081282494051147
1.7730000000000001 -0.0004577671643613003
1.774 -0.00037299546725735584
1.7750000000000001 -0.0004577671643613003
1.776 -0.00042385848551972256
1.7770000000000001 -0.00038994980667814475
1.778 -0.0004069041460989336
1.7790000000000001 -0.0004069041460989336
1.78 -0.0004069041460989336
1.7810000000000001 -0.00037299546725735584
1.782 -0.00042385848551972256
1.7830000000000001 -0.0004577671643613003
1.784 -0.0004069041460989336
1.7850000000000001 -0.00044081282494051147
1.786 -0.00037299546725735584
1.7870000000000001 -0.00044081282494051147
1.788 -0.00042385848551972256
1.7890000000000001 -0.00038994980667814475
1.79 -0.0004069041460989336
1.7910000000000001 -0.00042385848551972256
1.792 -0.0004069041460989336
1.793 -0.0004069041460989336
1.794 -0.00038994980667814475
1.795 -0.00038994980667814475
1.796 -0.00038994980667814475
1.797 -0.0004069041460989336
1.798 -0.0004069041460989336
1.799 -0.00042385848551972256
1.8 -0.0004069041460989336
1.801 -0.00038994980667814475
1.802 -0.00044081282494051147
1.803 -0.00044081282494051147
1.804 -0.00038994980667814475
1.805 -0.0004069041460989336
1.806 -0.00042385848551972256
1.807 -0.0004069041460989336
1.808 -0.00042385848551972256
1.809 -0.00035604112783656694
1.81 -0.00035604112783656694
1.811 -0.0004577671643613003
1.812 -0.00038994980667814475
1.813 -0.00042385848551972256
1.814 -0.00035604112783656694
1.815 -0.00044081282494051147
1.816 -0.00038994980667814475
1.817 -0.0004069041460989336
1.818 -0.0004069041460989336
1.819 -0.00037299546725735584
1.82 -0.0004069041460989336
1.821 -0.0004577671643613003
1.822 -0.0004577671643613003
1.823 -0.0004069041460989336
1.824 -0.00038994980667814475
1.825 -0.00037299546725735584
1.826 -0.0004577671643613003
1.827 -0.00038994980667814475
1.828 -0.00035604112783656694
1.829 -0.00038994980667814475
1.83 -0.00044081282494051147
1.831 -0.00037299546725735584
1.832 -0.0004069041460989336
1.833 -0.0004577671643613003
1.834 -0.00042385848551972256
1.835 -0.00044081282494051147
1.836 -0.00038994980667814475
1.837 -0.0004069041460989336
1.838 -0.0004069041460989336
1.839 -0.00042385848551972256
1.84 -0.00038994980667814475
1.841 -0.00044081282494051147
1.842 -0.00044081282494051147
1.843 -0.00037299546725735584
1.844 -0.00042385848551972256
1.845 -0.0004069041460989336
1.846 -0.0004069041460989336
1.847 -0.00037299546725735584
1.848 -0.00037299546725735584
1.849 -0.0004069041460989336
1.85 -0.0004577671643613003
1.851 -0.00037299546725735584
1.852 -0.00042385848551972256
1.853 -0.00035604112783656694
1.854 -0.00037299546725735584
1.855 -0.00033908678841577803
1.856 -0.0004577671643613003
1.857 -0.00044081282494051147
1.858 -0.00035604112783656694
1.859 -0.0004069041460989336
1.86 -0.00038994980667814475
1.861 -0.00042385848551972256
1.862 -0.00038994980667814475
1.863 -0.00035604112783656694
1.864 -0.0003221324489949892
1.865 -0.00037299546725735584
1.866 -0.00037299546725735584
1.867 -0.0004577671643613003
1.868 -0.00038994980667814475
1.869 -0.00042385848551972256
1.87 -0.00028822377015341136
1.871 -0.0004069041460989336
1.872 -0.0004069041460989336
1.873 -0.0004069041460989336
1.874 -0.00042385848551972256
1.875 -0.0004069041460989336
1.8760000000000001 -0.00038994980667814475
1.877 -0.0004069041460989336
1.8780000000000001 -0.00042385848551972256
1.879 -0.00042385848551972256
1.8800000000000001 -0.0004069041460989336
1.881 -0.00042385848551972256
1.8820000000000001 -0.00038994980667814475
1.883 -0.00042385848551972256
1.8840000000000001 -0.0004577671643613003
1.885 -0.00042385848551972256
1.8860000000000001 -0.0004069041460989336
1.887 -0.00047472150378208923
1.8880000000000001 -0.0004577671643613003
1.889 -0.0004577671643613003
1.8900000000000001 -0.00042385848551972256
1.891 -0.00035604112783656694
1.8920000000000001 -0.0004069041460989336
1.893 -0.00044081282494051147
1.8940000000000001 -0.00038994980667814475
1.895 -0.00044081282494051147
1.8960000000000001 -0.0004069041460989336
1.897 -0.00042385848551972256
1.8980000000000001 -0.00037299546725735584
1.899 -0.00037299546725735584
1.9000000000000001 -0.0004069041460989336
1.901 -0.00038994980667814475
1.9020000000000001 -0.00035604112783656694
1.903 -0.0004069041460989336
1.9040000000000001 -0.00042385848551972256
1.905 -0.00038994980667814475
1.9060000000000001 -0.00042385848551972256
1.907 -0.0004069041460989336
1.9080000000000001 -0.00042385848551972256
1.909 -0.00037299546725735584
1.9100000000000001 -0.00038994980667814475
1.911 -0.0004069041460989336
1.9120000000000001 -0.0004069041460989336
1.913 -0.00038994980667814475
1.9140000000000001 -0.00044081282494051147
1.915 -0.0004069041460989336
1.9160000000000001 -0.0004069041460989336
1.917 -0.0005086301826236671
1.9180000000000001 -0.00038994980667814475
1.919 -0.0004577671643613003
1.92 -0.00042385848551972256
1.921 -0.00042385848551972256
1.922 -0.00037299546725735584
1.923 -0.00035604112783656694
1.924 -0.00038994980667814475
1.925 -0.00044081282494051147
1.926 -0.00042385848551972256
1.927 -0.00038994980667814475
1.928 -0.00042385848551972256
1.929 -0.00038994980667814475
1.93 -0.00047472150378208923
1.931 -0.00038994980667814475
1.932 -0.0004069041460989336
1.933 -0.00042385848551972256
1.934 -0.00033908678841577803
1.935 -0.0004069041460989336
1.936 -0.0004069041460989336
1.937 -0.00038994980667814475
1.938 -0.0004069041460989336
1.939 -0.0004069041460989336
1.94 -0.0004916758432028782
1.941 -0.00038994980667814475
1.942 -0.00038994980667814475
1.943 -0.0004069041460989336
1.944 -0.00038994980667814475
1.945 -0.00037299546725735584
1.946 -0.00042385848551972256
1.947 -0.0004577671643613003
1.948 -0.00033908678841577803
1.949 -0.00037299546725735584
1.95 -0.0004069041460989336
1.951 -0.00044081282494051147
1.952 -0.00037299546725735584
1.953 -0.00038994980667814475
1.954 -0.00035604112783656694
1.955 -0.00044081282494051147
1.956 -0.0004069041460989336
1.957 -0.00044081282494051147
1.958 -0.0004069041460989336
1.959 -0.00037299546725735584
1.96 -0.00033908678841577803
1.961 -0.00042385848551972256
1.962 -0.00044081282494051147
1.963 -0.00038994980667814475
1.964 -0.00042385848551972256
1.965 -0.0004069041460989336
1.966 -0.00044081282494051147
1.967 -0.0004069041460989336
1.968 -0.00042385848551972256
1.969 -0.0004069041460989336
1.97 -0.00037299546725735584
1.971 -0.00042385848551972256
1.972 -0.00037299546725735584
1.973 -0.00042385848551972256
1.974 -0.0004069041460989336
1.975 -0.00042385848551972256
1.976 -0.0004069041460989336
1.977 -0.0004069041460989336
1.978 -0.00033908678841577803
1.979 -0.0004069041460989336
1.98 -0.00047472150378208923
1.981 -0.00035604112783656694
1.982 -0.0004577671643613003
1.983 -0.00042385848551972256
1.984 -0.00042385848551972256
1.985 -0.0004069041460989336
1.986 -0.0004577671643613003
1.987 -0.00038994980667814475
1.988 -0.00035604112783656694
1.989 -0.00042385848551972256
1.99 -0.00042385848551972256
1.991 -0.0004069041460989336
1.992 -0.0004069041460989336
1.993 -0.00044081282494051147
1.994 -0.00042385848551972256
1.995 -0.0004069041460989336
1.996 -0.0004069041460989336
1.997 -0.00035604112783656694
1.998 -0.00038994980667814475
1.999 -0.0004916758432028782
2 -0.00044081282494051147
2.001 -0.00037299546725735584
2.0020000000000002 -0.00038994980667814475
2.003 -0.00042385848551972256
2.004 -0.00038994980667814475
2.005 -0.0004069041460989336
2.0060000000000002 -0.0004069041460989336
2.007 -0.00038994980667814475
2.008 -0.00037299546725735584
2.009 -0.00038994980667814475
2.0100000000000002 -0.00037299546725735584
2.011 -0.00038994980667814475
2.012 -0.00042385848551972256
2.013 -0.00038994980667814475
2.0140000000000002 -0.00035604112783656694
2.015 -0.00038994980667814475
2.016 -0.00037299546725735584
2.017 -0.00038994980667814475
2.0180000000000002 -0.00037299546725735584
2.019 -0.00042385848551972256
2.02 -0.0004069041460989336
2.021 -0.00044081282494051147
2.0220000000000002 -0.00037299546725735584
2.023 -0.00038994980667814475
2.024 -0.00044081282494051147
2.025 -0.00035604112783656694
2.0260000000000002 -0.00035604112783656694
2.027 -0.0004069041460989336
2.028 -0.00042385848551972256
2.029 -0.00042385848551972256
2.0300000000000002 -0.00044081282494051147
2.031 -0.00044081282494051147
2.032 -0.00042385848551972256
2.033 -0.0004069041460989336
2.0340000000000003 -0.00038994980667814475
2.035 -0.00037299546725735584
2.036 -0.00042385848551972256
2.037 -0.00038994980667814475
2.0380000000000003 -0.0004577671643613003
2.039 -0.00038994980667814475
2.04 -0.00047472150378208923
2.041 -0.0004069041460989336
2.0420000000000003 -0.00047472150378208923
2.043 -0.00038994980667814475
2.044 -0.0004069041460989336
2.045 -0.00044081282494051147
2.0460000000000003 -0.00042385848551972256
2.047 -0.0004069041460989336
2.048 -0.00042385848551972256
2.049 -0.0004069041460989336
2.05 -0.00042385848551972256
2.051 -0.0004577671643613003
2.052 -0.00037299546725735584
2.053 -0.00038994980667814475
2.054 -0.0004069041460989336
2.055 -0.00038994980667814475
2.056 -0.00047472150378208923
2.057 -0.00044081282494051147
2.058 -0.00035604112783656694
2.059 -0.0004069041460989336
2.06 -0.00042385848551972256
2.061 -0.0004577671643613003
2.062 -0.0004069041460989336
2.063 -0.00042385848551972256
2.064 -0.00038994980667814475
2.065 -0.00038994980667814475
2.066 -0.00044081282494051147
2.067 -0.00044081282494051147
2.068 -0.00035604112783656694
2.069 -0.00044081282494051147
2.07 -0.00035604112783656694
2.071 -0.00033908678841577803
2.072 -0.00038994980667814475
2.073 -0.00038994980667814475
2.074 -0.0004069041460989336
2.075 -0.0004069041460989336
2.076 -0.00042385848551972256
2.077 -0.00044081282494051147
2.078 -0.00037299546725735584
2.079 -0.0004069041460989336
2.08 -0.0004069041460989336
2.081 -0.00038994980667814475
2.082 -0.0004577671643613003
2.083 -0.00042385848551972256
2.084 -0.0004069041460989336
2.085 -0.0004069041460989336
2.086 -0.00035604112783656694
2.087 -0.00044081282494051147
2.088 -0.0004069041460989336
2.089 -0.00044081282494051147
2.09 -0.00038994980667814475
2.091 -0.00037299546725735584
2.092 -0.0004069041460989336
2.093 -0.00038994980667814475
2.094 -0.00044081282494051147
2.095 -0.00042385848551972256
2.096 -0.00042385848551972256
2.097 -0.00037299546725735584
2.098 -0.00035604112783656694
2.099 -0.00042385848551972256
2.1 -0.00047472150378208923
2.101 -0.00033908678841577803
2.102 -0.00042385848551972256
2.103 -0.00037299546725735584
2.104 -0.00042385848551972256
2.105 -0.0004069041460989336
2.106 -0.0004069041460989336
2.107 -0.0004069041460989336
2.108 -0.00033908678841577803
2.109 -0.0004069041460989336
2.11 -0.00042385848551972256
2.111 -0.0004069041460989336
2.112 -0.00038994980667814475
2.113 -0.00042385848551972256
2.114 -0.00038994980667814475
2.115 -0.00042385848551972256
2.116 -0.00042385848551972256
2.117 -0.00042385848551972256
2.118 -0.0004069041460989336
2.119 -0.0004577671643613003
2.12 -0.0004577671643613003
2.121 -0.00044081282494051147
2.122 -0.00042385848551972256
2.123 -0.00047472150378208923
2.124 -0.0004069041460989336
2.125 -0.0004069041460989336
2.126 -0.00037299546725735584
2.1270000000000002 -0.00038994980667814475
2.128 -0.00038994980667814475
2.129 -0.00042385848551972256
2.13 -0.00042385848551972256
2.1310000000000002 -0.0004577671643613003
2.132 -0.0004069041460989336
2.133 -0.00042385848551972256
2.134 -0.0004577671643613003
2.1350000000000002 -0.00037299546725735584
2.136 -0.00042385848551972256
2.137 -0.00042385848551972256
2.138 -0.00044081282494051147
2.1390000000000002 -0.00038994980667814475
2.14 -0.00038994980667814475
2.141 -0.00037299546725735584
2.142 -0.00038994980667814475
2.1430000000000002 -0.0004069041460989336
2.144 -0.0004577671643613003
2.145 -0.00042385848551972256
2.146 -0.00033908678841577803
2.1470000000000002 -0.00044081282494051147
2.148 -0.00038994980667814475
2.149 -0.00037299546725735584
2.15 -0.00037299546725735584
2.1510000000000002 -0.00042385848551972256
2.152 -0.00042385848551972256
2.153 -0.00038994980667814475
2.154 -0.00042385848551972256
2.1550000000000002 -0.0004577671643613003
2.156 -0.00035604112783656694
2.157 -0.00047472150378208923
2.158 -0.00037299546725735584
2.1590000000000003 -0.0004069041460989336
2.16 -0.00042385848551972256
2.161 -0.0004069041460989336
2.162 -0.0004069041460989336
2.1630000000000003 -0.00038994980667814475
2.164 -0.00044081282494051147
2.165 -0.00042385848551972256
2.166 -0.00033908678841577803
2.1670000000000003 -0.0004916758432028782
2.168 -0.0004069041460989336
2.169 -0.0004069041460989336
2.17 -0.00037299546725735584
2.1710000000000003 -0.0004069041460989336
2.172 -0.00037299546725735584
2.173 -0.00038994980667814475
2.174 -0.00038994980667814475
2.1750000000000003 -0.00038994980667814475
2.176 -0.00044081282494051147
2.177 -0.00042385848551972256
2.178 -0.00042385848551972256
2.179 -0.00044081282494051147
2.18 -0.00042385848551972256
2.181 -0.00035604112783656694
2.182 -0.00042385848551972256
2.183 -0.00044081282494051147
2.184 -0.00037299546725735584
2.185 -0.00038994980667814475
2.186 -0.00038994980667814475
2.187 -0.00037299546725735584
2.188 -0.00037299546725735584
2.189 -0.00044081282494051147
2.19 -0.0004069041460989336
2.191 -0.0004069041460989336
2.192 -0.0004069041460989336
2.193 -0.0004069041460989336
2.194 -0.00037299546725735584
2.195 -0.0004069041460989336
2.196 -0.0004069041460989336
2.197 -0.00042385848551972256
2.198 -0.0004069041460989336
2.199 -0.00038994980667814475
2.2 -0.00042385848551972256
2.201 -0.0004577671643613003
2.202 -0.0004069041460989336
2.203 -0.00042385848551972256
2.204 -0.0004069041460989336
2.205 -0.00047472150378208923
2.206 -0.0004069041460989336
2.207 -0.0004577671643613003
2.208 -0.00038994980667814475
2.209 -0.00038994980667814475
2.21 -0.00042385848551972256
2.211 -0.00044081282494051147
2.212 -0.00038994980667814475
2.213 -0.00042385848551972256
2.214 -0.00044081282494051147
2.215 -0.00044081282494051147
2.216 -0.00038994980667814475
2.217 -0.00038994980667814475
2.218 -0.00042385848551972256
2.219 -0.00038994980667814475
2.22 -0.00044081282494051147
2.221 -0.0004069041460989336
2.222 -0.00047472150378208923
2.223 -0.0004069041460989336
2.224 -0.0004069041460989336
2.225 -0.0004577671643613003
2.226 -0.00035604112783656694
2.227 -0.00044081282494051147
2.228 -0.0004069041460989336
2.229 -0.00038994980667814475
2.23 -0.0004069041460989336
2.231 -0.00035604112783656694
2.232 -0.0004069041460989336
2.233 -0.0004069041460989336
2.234 -0.00038994980667814475
2.235 -0.00044081282494051147
2.236 -0.00042385848551972256
2.237 -0.00035604112783656694
2.238 -0.00037299546725735584
2.239 -0.00038994980667814475
2.24 -0.00037299546725735584
2.241 -0.00038994980667814475
2.242 -0.00038994980667814475
2.243 -0.0004069041460989336
2.244 -0.00038994980667814475
2.245 -0.0004069041460989336
2.246 -0.0004069041460989336
2.247 -0.00033908678841577803
2.248 -0.0004069041460989336
2.249 -0.0004069041460989336
2.25 -0.00038994980667814475
2.251 -0.0004069041460989336
2.2520000000000002 -0.00042385848551972256
2.253 -0.0004069041460989336
2.254 -0.0004069041460989336
2.255 -0.00037299546725735584
2.2560000000000002 -0.0004069041460989336
2.257 -0.00038994980667814475
2.258 -0.0004069041460989336
2.259 -0.00038994980667814475
2.2600000000000002 -0.00047472150378208923
2.261 -0.00042385848551972256
2.262 -0.00044081282494051147
2.263 -0.00038994980667814475
2.2640000000000002 -0.00037299546725735584
2.265 -0.00042385848551972256
2.266 -0.00035604112783656694
2.267 -0.0004069041460989336
2.2680000000000002 -0.00038994980667814475
2.269 -0.0004069041460989336
2.27 -0.00042385848551972256
2.271 -0.00038994980667814475
2.2720000000000002 -0.0004577671643613003
2.273 -0.00042385848551972256
2.274 -0.0004069041460989336
2.275 -0.00037299546725735584
2.2760000000000002 -0.00035604112783656694
2.277 -0.00038994980667814475
2.278 -0.00033908678841577803
2.279 -0.00042385848551972256
2.2800000000000002 -0.00035604112783656694
2.281 -0.00038994980667814475
2.282 -0.00035604112783656694
2.283 -0.00038994980667814475
2.2840000000000003 -0.0004069041460989336
2.285 -0.0004069041460989336
2.286 -0.00035604112783656694
2.287 -0.00042385848551972256
2.2880000000000003 -0.00042385848551972256
2.289 -0.00044081282494051147
2.29 -0.00037299546725735584
2.291 -0.00038994980667814475
2.2920000000000003 -0.0004577671643613003
2.293 -0.00038994980667814475
2.294 -0.0004577671643613003
2.295 -0.00035604112783656694
2.2960000000000003 -0.00042385848551972256
2.297 -0.00038994980667814475
2.298 -0.00038994980667814475
2.299 -0.0004577671643613003
2.3000000000000003 -0.00042385848551972256
2.301 -0.00037299546725735584
2.302 -0.00038994980667814475
2.303 -0.00044081282494051147
2.3040000000000003 -0.00035604112783656694
2.305 -0.00038994980667814475
2.306 -0.0003221324489949892
2.307 -0.00044081282494051147
2.308 -0.00042385848551972256
2.309 -0.0004069041460989336
2.31 -0.0004069041460989336
2.311 -0.0004069041460989336
2.312 -0.00044081282494051147
2.313 -0.0004069041460989336
2.314 -0.0004069041460989336
2.315 -0.0004069041460989336
2.316 -0.0004069041460989336
2.317 -0.00038994980667814475
2.318 -0.00037299546725735584
2.319 -0.0004069041460989336
2.32 -0.00037299546725735584
2.321 -0.00044081282494051147
2.322 -0.00035604112783656694
2.323 -0.00033908678841577803
2.324 -0.00042385848551972256
2.325 -0.0004069041460989336
2.326 -0.00037299546725735584
2.327 -0.00038994980667814475
2.328 -0.00042385848551972256
2.329 -0.0004069041460989336
2.33 -0.0004069041460989336
2.331 -0.0004069041460989336
2.332 -0.00037299546725735584
2.333 -0.00042385848551972256
2.334 -0.0004069041460989336
2.335 -0.00044081282494051147
2.336 -0.0004069041460989336
2.337 -0.00042385848551972256
2.338 -0.0004069041460989336
2.339 -0.00035604112783656694
2.34 -0.00037299546725735584
2.341 -0.0004069041460989336
2.342 -0.00037299546725735584
2.343 -0.00038994980667814475
2.344 -0.00037299546725735584
2.345 -0.00038994980667814475
2.346 -0.00042385848551972256
2.347 -0.00044081282494051147
2.348 -0.00044081282494051147
2.349 -0.0004069041460989336
2.35 -0.0004069041460989336
2.351 -0.00044081282494051147
2.352 -0.00042385848551972256
2.353 -0.00044081282494051147
2.354 -0.00037299546725735584
2.355 -0.0004577671643613003
2.356 -0.0004069041460989336
2.357 -0.0004577671643613003
2.358 -0.00035604112783656694
2.359 -0.0004069041460989336
2.36 -0.0004577671643613003
2.361 -0.0004069041460989336
2.362 -0.0004577671643613003
2.363 -0.0004577671643613003
2.364 -0.00042385848551972256
2.365 -0.0004069041460989336
2.366 -0.00044081282494051147
2.367 -0.0004069041460989336
2.368 -0.0004069041460989336
2.369 -0.00044081282494051147
2.37 -0.0004577671643613003
2.371 -0.00035604112783656694
2.372 -0.00037299546725735584
2.373 -0.00042385848551972256
2.374 -0.00042385848551972256
2.375 -0.00044081282494051147
2.376 -0.00042385848551972256
2.3770000000000002 -0.00042385848551972256
2.378 -0.0004577671643613003
2.379 -0.00042385848551972256
2.38 -0.00042385848551972256
2.3810000000000002 -0.0004577671643613003
2.382 -0.00037299546725735584
2.383 -0.00044081282494051147
2.384 -0.00044081282494051147
2.3850000000000002 -0.00047472150378208923
2.386 -0.0004069041460989336
2.387 -0.00038994980667814475
2.388 -0.0004069041460989336
2.3890000000000002 -0.0004069041460989336
2.39 -0.0004577671643613003
2.391 -0.0004916758432028782
2.392 -0.00042385848551972256
2.3930000000000002 -0.0004069041460989336
2.394 -0.0004577671643613003
2.395 -0.00042385848551972256
2.396 -0.00037299546725735584
2.3970000000000002 -0.00047472150378208923
2.398 -0.00038994980667814475
2.399 -0.0004577671643613003
2.4 -0.00035604112783656694
2.4010000000000002 -0.00044081282494051147
2.402 -0.0004069041460989336
2.403 -0.00033908678841577803
2.404 -0.00042385848551972256
2.4050000000000002 -0.0004069041460989336
2.406 -0.00042385848551972256
2.407 -0.00044081282494051147
2.408 -0.00038994980667814475
2.4090000000000003 -0.00038994980667814475
2.41 -0.0004577671643613003
2.411 -0.0004069041460989336
2.412 -0.0004069041460989336
2.4130000000000003 -0.00044081282494051147
2.414 -0.00038994980667814475
2.415 -0.00037299546725735584
2.416 -0.0004577671643613003
2.4170000000000003 -0.0004577671643613003
2.418 -0.00033908678841577803
2.419 -0.00042385848551972256
2.42 -0.0004069041460989336
2.4210000000000003 -0.00042385848551972256
2.422 -0.0004577671643613003
2.423 -0.00038994980667814475
2.424 -0.00042385848551972256
2.4250000000000003 -0.0004069041460989336
2.426 -0.00038994980667814475
2.427 -0.00044081282494051147
2.428 -0.00042385848551972256
2.4290000000000003 -0.0004577671643613003
2.43 -0.00042385848551972256
2.431 -0.00042385848551972256
2.432 -0.00038994980667814475
2.433 -0.00037299546725735584
2.434 -0.0004069041460989336
2.435 -0.00042385848551972256
2.436 -0.0004069041460989336
2.437 -0.00047472150378208923
2.438 -0.0004069041460989336
2.439 -0.00044081282494051147
2.44 -0.00044081282494051147
2.441 -0.0004577671643613003
2.442 -0.0004069041460989336
2.443 -0.00044081282494051147
2.444 -0.0004069041460989336
2.445 -0.0004069041460989336
2.446 -0.00044081282494051147
2.447 -0.00042385848551972256
2.448 -0.0004069041460989336
2.449 -0.0004069041460989336
2.45 -0.00044081282494051147
2.451 -0.00044081282494051147
2.452 -0.00044081282494051147
2.453 -0.00044081282494051147
2.454 -0.00047472150378208923
2.455 -0.00038994980667814475
2.456 -0.0004577671643613003
2.457 -0.00044081282494051147
2.458 -0.00044081282494051147
2.459 -0.0004069041460989336
2.46 -0.00042385848551972256
2.461 -0.00044081282494051147
2.462 -0.00042385848551972256
2.463 -0.0004069041460989336
2.464 -0.0004577671643613003
2.465 -0.00038994980667814475
2.466 -0.00042385848551972256
2.467 -0.0004069041460989336
2.468 -0.0004577671643613003
2.469 -0.00042385848551972256
2.47 -0.0004577671643613003
2.471 -0.00042385848551972256
2.472 -0.0004577671643613003
2.473 -0.00042385848551972256
2.474 -0.00047472150378208923
2.475 -0.00042385848551972256
2.476 -0.0004069041460989336
2.477 -0.00047472150378208923
2.478 -0.00038994980667814475
2.479 -0.00044081282494051147
2.48 -0.00038994980667814475
2.481 -0.0004069041460989336
2.482 -0.00038994980667814475
2.483 -0.00044081282494051147
2.484 -0.0004577671643613003
2.485 -0.00038994980667814475
2.486 -0.00042385848551972256
2.487 -0.0004069041460989336
2.488 -0.00044081282494051147
2.489 -0.00042385848551972256
2.49 -0.0004577671643613003
2.491 -0.0004577671643613003
2.492 -0.00042385848551972256
2.493 -0.0004069041460989336
2.494 -0.0004577671643613003
2.495 -0.0004069041460989336
2.496 -0.0004577671643613003
2.497 -0.00035604112783656694
2.498 -0.00038994980667814475
2.499 -0.00035604112783656694
2.5 -0.00042385848551972256
2.501 -0.0004069041460989336
2.5020000000000002 -0.00042385848551972256
2.503 -0.0004069041460989336
2.504 -0.0004577671643613003
2.505 -0.0004577671643613003
2.5060000000000002 -0.00035604112783656694
2.507 -0.0004069041460989336
2.508 -0.0004577671643613003
2.509 -0.00038994980667814475
2.5100000000000002 -0.00042385848551972256
2.511 -0.0004577671643613003
2.512 -0.0004069041460989336
2.513 -0.00042385848551972256
2.5140000000000002 -0.0004069041460989336
2.515 -0.00044081282494051147
2.516 -0.00044081282494051147
2.517 -0.00042385848551972256
2.5180000000000002 -0.00044081282494051147
2.519 -0.00037299546725735584
2.52 -0.00044081282494051147
2.521 -0.00044081282494051147
2.5220000000000002 -0.00037299546725735584
2.523 -0.0004577671643613003
2.524 -0.00044081282494051147
2.525 -0.00035604112783656694
2.5260000000000002 -0.00037299546725735584
2.527 -0.00044081282494051147
2.528 -0.00042385848551972256
2.529 -0.0004916758432028782
2.5300000000000002 -0.0004577671643613003
2.531 -0.00042385848551972256
2.532 -0.0004069041460989336
2.533 -0.0004916758432028782
2.5340000000000003 -0.0004577671643613003
2.535 -0.0004069041460989336
2.536 -0.0004069041460989336
2.537 -0.0004577671643613003
2.5380000000000003 -0.00044081282494051147
2.539 -0.00042385848551972256
2.54 -0.0004577671643613003
2.541 -0.0004069041460989336
2.5420000000000003 -0.0004069041460989336
2.543 -0.00047472150378208923
2.544 -0.00044081282494051147
2.545 -0.00038994980667814475
2.5460000000000003 -0.0004577671643613003
2.547 -0.00044081282494051147
2.548 -0.00044081282494051147
2.549 -0.00047472150378208923
2.5500000000000003 -0.00044081282494051147
2.551 -0.0004577671643613003
2.552 -0.0004577671643613003
2.553 -0.00038994980667814475
2.5540000000000003 -0.00044081282494051147
2.555 -0.0004577671643613003
2.556 -0.00047472150378208923
2.557 -0.0004577671643613003
2.5580000000000003 -0.00042385848551972256
2.559 -0.00047472150378208923
2.56 -0.00042385848551972256
2.561 -0.0004577671643613003
2.562 -0.0004069041460989336
2.563 -0.00044081282494051147
2.564 -0.00044081282494051147
2.565 -0.00047472150378208923
2.566 -0.00044081282494051147
2.567 -0.0004577671643613003
2.568 -0.0004069041460989336
2.569 -0.0005086301826236671
2.57 -0.0004069041460989336
2.571 -0.00042385848551972256
2.572 -0.00044081282494051147
2.573 -0.0005086301826236671
2.574 -0.0004577671643613003
2.575 -0.00044081282494051147
2.576 -0.00044081282494051147
2.577 -0.0004069041460989336
2.578 -0.0004916758432028782
2.579 -0.0004577671643613003
2.58 -0.00047472150378208923
2.581 -0.00038994980667814475
2.582 -0.00044081282494051147
2.583 -0.0004069041460989336
2.584 -0.00044081282494051147
2.585 -0.00038994980667814475
2.586 -0.00042385848551972256
2.587 -0.00042385848551972256
2.588 -0.00038994980667814475
2.589 -0.00044081282494051147
2.59 -0.00042385848551972256
2.591 -0.0004916758432028782
2.592 -0.00044081282494051147
2.593 -0.00044081282494051147
2.594 -0.00044081282494051147
2.595 -0.00047472150378208923
2.596 -0.00047472150378208923
2.597 -0.0005086301826236671
2.598 -0.0004577671643613003
2.599 -0.00038994980667814475
2.6 -0.00042385848551972256
2.601 -0.00047472150378208923
2.602 -0.00038994980667814475
2.603 -0.00044081282494051147
2.604 -0.00044081282494051147
2.605 -0.00047472150378208923
2.606 -0.0004577671643613003
2.607 -0.00044081282494051147
2.608 -0.00044081282494051147
2.609 -0.0004069041460989336
2.61 -0.00044081282494051147
2.611 -0.0004069041460989336
2.612 -0.00047472150378208923
2.613 -0.00044081282494051147
2.614 -0.0004577671643613003
2.615 -0.00042385848551972256
2.616 -0.00047472150378208923
2.617 -0.0004916758432028782
2.618 -0.00038994980667814475
2.619 -0.00044081282494051147
2.62 -0.00042385848551972256
2.621 -0.0004069041460989336
2.622 -0.00044081282494051147
2.623 -0.00047472150378208923
2.624 -0.00042385848551972256
2.625 -0.0004577671643613003
2.626 -0.00042385848551972256
2.6270000000000002 -0.0004916758432028782
2.628 -0.00044081282494051147
2.629 -0.00042385848551972256
2.63 -0.0004069041460989336
2.6310000000000002 -0.0004577671643613003
2.632 -0.00047472150378208923
2.633 -0.0004916758432028782
2.634 -0.00044081282494051147
2.6350000000000002 -0.0004577671643613003
2.636 -0.00044081282494051147
2.637 -0.00044081282494051147
2.638 -0.00042385848551972256
2.6390000000000002 -0.00047472150378208923
2.64 -0.0004577671643613003
2.641 -0.00044081282494051147
2.642 -0.00044081282494051147
2.6430000000000002 -0.0004069041460989336
2.644 -0.0005086301826236671
2.645 -0.00042385848551972256
2.646 -0.00044081282494051147
2.6470000000000002 -0.00044081282494051147
2.648 -0.00042385848551972256
2.649 -0.00042385848551972256
2.65 -0.00044081282494051147
2.6510000000000002 -0.00047472150378208923
2.652 -0.00044081282494051147
2.653 -0.0004577671643613003
2.654 -0.00047472150378208923
2.6550000000000002 -0.0004916758432028782
2.656 -0.00044081282494051147
2.657 -0.00044081282494051147
2.658 -0.00042385848551972256
2.6590000000000003 -0.0004916758432028782
2.66 -0.0004069041460989336
2.661 -0.0004916758432028782
2.662 -0.00047472150378208923
2.6630000000000003 -0.00044081282494051147
2.664 -0.00042385848551972256
2.665 -0.00042385848551972256
2.666 -0.00042385848551972256
2.6670000000000003 -0.0004577671643613003
2.668 -0.0004069041460989336
2.669 -0.00038994980667814475
2.67 -0.00038994980667814475
2.6710000000000003 -0.00037299546725735584
2.672 -0.0004069041460989336
2.673 -0.0004069041460989336
2.674 -0.0004069041460989336
2.6750000000000003 -0.00044081282494051147
2.676 -0.00042385848551972256
2.677 -0.00044081282494051147
2.678 -0.0004069041460989336
2.6790000000000003 -0.00044081282494051147
2.68 -0.00042385848551972256
2.681 -0.0004069041460989336
2.682 -0.00042385848551972256
2.6830000000000003 -0.00042385848551972256
2.684 -0.0004577671643613003
2.685 -0.00047472150378208923
2.686 -0.0004069041460989336
2.6870000000000003 -0.00047472150378208923
2.688 -0.00047472150378208923
2.689 -0.00044081282494051147
2.69 -0.0004577671643613003
2.691 -0.0004577671643613003
2.692 -0.0004916758432028782
2.693 -0.00035604112783656694
2.694 -0.00042385848551972256
2.695 -0.00044081282494051147
2.696 -0.00038994980667814475
2.697 -0.00042385848551972256
2.698 -0.0004577671643613003
2.699 -0.0004577671643613003
2.7 -0.00044081282494051147
2.701 -0.0004577671643613003
2.702 -0.00044081282494051147
2.703 -0.00038994980667814475
2.704 -0.00042385848551972256
2.705 -0.0004069041460989336
2.706 -0.0004577671643613003
2.707 -0.0004069041460989336
2.708 -0.00047472150378208923
2.709 -0.00037299546725735584
2.71 -0.00042385848551972256
2.711 -0.00042385848551972256
2.712 -0.0004916758432028782
2.713 -0.00038994980667814475
2.714 -0.00038994980667814475
2.715 -0.00038994980667814475
2.716 -0.0004069041460989336
2.717 -0.00038994980667814475
2.718 -0.00042385848551972256
2.719 -0.0004069041460989336
2.72 -0.00047472150378208923
2.721 -0.00044081282494051147
2.722 -0.00044081282494051147
2.723 -0.00042385848551972256
2.724 -0.00042385848551972256
2.725 -0.0004577671643613003
2.726 -0.00044081282494051147
2.727 -0.0004069041460989336
2.728 -0.00042385848551972256
2.729 -0.0004916758432028782
2.73 -0.00044081282494051147
2.731 -0.00044081282494051147
2.732 -0.0004069041460989336
2.733 -0.00038994980667814475
2.734 -0.0004577671643613003
2.735 -0.00042385848551972256
2.736 -0.00038994980667814475
2.737 -0.00042385848551972256
2.738 -0.0004069041460989336
2.739 -0.00038994980667814475
2.74 -0.00044081282494051147
2.741 -0.00038994980667814475
2.742 -0.00038994980667814475
2.743 -0.00033908678841577803
2.744 -0.00047472150378208923
2.745 -0.0004069041460989336
2.746 -0.00042385848551972256
2.747 -0.0004069041460989336
2.748 -0.00044081282494051147
2.749 -0.00037299546725735584
2.75 -0.00035604112783656694
2.751 -0.00038994980667814475
2.7520000000000002 -0.00038994980667814475
2.753 -0.0004069041460989336
2.754 -0.0004069041460989336
2.755 -0.0004577671643613003
2.7560000000000002 -0.00042385848551972256
2.757 -0.00038994980667814475
2.758 -0.00037299546725735584
2.759 -0.00033908678841577803
2.7600000000000002 -0.00035604112783656694
2.761 -0.00037299546725735584
2.762 -0.00035604112783656694
2.763 -0.0004069041460989336
2.7640000000000002 -0.00044081282494051147
2.765 -0.00044081282494051147
2.766 -0.0004069041460989336
2.767 -0.00035604112783656694
2.7680000000000002 -0.00033908678841577803
2.769 -0.00035604112783656694
2.77 -0.00044081282494051147
2.771 -0.00037299546725735584
2.7720000000000002 -0.00037299546725735584
2.773 -0.0004069041460989336
2.774 -0.00038994980667814475
2.775 -0.0004069041460989336
2.7760000000000002 -0.00038994980667814475
2.777 -0.0004069041460989336
2.778 -0.0004069041460989336
2.779 -0.00035604112783656694
2.7800000000000002 -0.00037299546725735584
2.781 -0.00033908678841577803
2.782 -0.00037299546725735584
2.783 -0.00037299546725735584
2.7840000000000003 -0.00037299546725735584
2.785 -0.00042385848551972256
2.786 -0.00042385848551972256
2.787 -0.00044081282494051147
2.7880000000000003 -0.00037299546725735584
2.789 -0.0004069041460989336
2.79 -0.0004577671643613003
2.791 -0.00038994980667814475
2.7920000000000003 -0.00038994980667814475
2.793 -0.00038994980667814475
2.794 -0.00044081282494051147
2.795 -0.00035604112783656694
2.7960000000000003 -0.00038994980667814475
2.797 -0.0004069041460989336
2.798 -0.00038994980667814475
2.799 -0.00044081282494051147
2.8000000000000003 -0.0004577671643613003
2.801 -0.00033908678841577803
2.802 -0.00038994980667814475
2.803 -0.00035604112783656694
2.8040000000000003 -0.00044081282494051147
2.805 -0.0004069041460989336
2.806 -0.00038994980667814475
2.807 -0.00037299546725735584
2.8080000000000003 -0.00038994980667814475
2.809 -0.00042385848551972256
2.81 -0.00035604112783656694
2.811 -0.00037299546725735584
2.8120000000000003 -0.00042385848551972256
2.813 -0.00038994980667814475
2.814 -0.00038994980667814475
2.815 -0.0003221324489949892
2.816 -0.0004577671643613003
2.817 -0.00035604112783656694
2.818 -0.00044081282494051147
2.819 -0.00038994980667814475
2.82 -0.00035604112783656694
2.821 -0.00035604112783656694
2.822 -0.0003221324489949892
2.823 -0.00037299546725735584
2.824 -0.00038994980667814475
2.825 -0.00037299546725735584
2.826 -0.00035604112783656694
2.827 -0.00037299546725735584
2.828 -0.00037299546725735584
2.829 -0.0003221324489949892
2.83 -0.00042385848551972256
2.831 -0.00042385848551972256
2.832 -0.0003221324489949892
2.833 -0.00035604112783656694
2.834 -0.0003051781095742002
2.835 -0.00042385848551972256
2.836 -0.00038994980667814475
2.837 -0.00038994980667814475
2.838 -0.00037299546725735584
2.839 -0.00035604112783656694
2.84 -0.00035604112783656694
2.841 -0.00042385848551972256
2.842 -0.0004069041460989336
2.843 -0.0004069041460989336
2.844 -0.00033908678841577803
2.845 -0.00037299546725735584
2.846 -0.00033908678841577803
2.847 -0.00038994980667814475
2.848 -0.0004069041460989336
2.849 -0.00038994980667814475
2.85 -0.00035604112783656694
2.851 -0.0004069041460989336
2.852 -0.0003221324489949892
2.853 -0.00033908678841577803
2.854 -0.0004069041460989336
2.855 -0.00037299546725735584
2.856 -0.00037299546725735584
2.857 -0.00037299546725735584
2.858 -0.00037299546725735584
2.859 -0.0003221324489949892
2.86 -0.00038994980667814475
2.861 -0.00037299546725735584
2.862 -0.00035604112783656694
2.863 -0.00035604112783656694
2.864 -0.00035604112783656694
2.865 -0.00038994980667814475
2.866 -0.00035604112783656694
2.867 -0.00035604112783656694
2.868 -0.0004069041460989336
2.869 -0.00037299546725735584
2.87 -0.00033908678841577803
2.871 -0.0004069041460989336
2.872 -0.00038994980667814475
2.873 -0.00033908678841577803
2.874 -0.00042385848551972256
2.875 -0.00035604112783656694
2.876 -0.00037299546725735584
2.8770000000000002 -0.00042385848551972256
2.878 -0.00035604112783656694
2.879 -0.00037299546725735584
2.88 -0.00038994980667814475
2.8810000000000002 -0.00038994980667814475
2.882 -0.00038994980667814475
2.883 -0.00028822377015341136
2.884 -0.00035604112783656694
2.8850000000000002 -0.00038994980667814475
2.886 -0.00037299546725735584
2.887 -0.00038994980667814475
2.888 -0.0004069041460989336
2.8890000000000002 -0.00037299546725735584
2.89 -0.0003221324489949892
2.891 -0.00033908678841577803
2.892 -0.00042385848551972256
2.8930000000000002 -0.00035604112783656694
2.894 -0.00037299546725735584
2.895 -0.0004069041460989336
2.896 -0.00035604112783656694
2.8970000000000002 -0.0004916758432028782
2.898 -0.00035604112783656694
2.899 -0.00037299546725735584
2.9 -0.00038994980667814475
2.9010000000000002 -0.0003221324489949892
2.902 -0.00042385848551972256
2.903 -0.0004069041460989336
2.904 -0.00037299546725735584
2.9050000000000002 -0.00035604112783656694
2.906 -0.00038994980667814475
2.907 -0.00044081282494051147
2.908 -0.00037299546725735584
2.9090000000000003 -0.0004069041460989336
2.91 -0.00033908678841577803
2.911 -0.0004069041460989336
2.912 -0.00042385848551972256
2.9130000000000003 -0.0004069041460989336
2.914 -0.0004069041460989336
2.915 -0.00038994980667814475
2.916 -0.00037299546725735584
2.9170000000000003 -0.00037299546725735584
2.918 -0.00037299546725735584
2.919 -0.0004069041460989336
2.92 -0.0004069041460989336
2.9210000000000003 -0.00037299546725735584
2.922 -0.0004069041460989336
2.923 -0.00035604112783656694
2.924 -0.00047472150378208923
2.9250000000000003 -0.0004069041460989336
2.926 -0.00035604112783656694
2.927 -0.00038994980667814475
2.928 -0.00035604112783656694
2.9290000000000003 -0.00035604112783656694
2.93 -0.00033908678841577803
2.931 -0.00035604112783656694
2.932 -0.00035604112783656694
2.9330000000000003 -0.00038994980667814475
2.934 -0.00037299546725735584
2.935 -0.00042385848551972256
2.936 -0.00037299546725735584
2.9370000000000003 -0.00033908678841577803
2.938 -0.00038994980667814475
2.939 -0.00033908678841577803
2.94 -0.00035604112783656694
2.9410000000000003 -0.0004069041460989336
2.942 -0.00033908678841577803
2.943 -0.00042385848551972256
2.944 -0.00035604112783656694
2.945 -0.00035604112783656694
2.946 -0.00042385848551972256
2.947 -0.0003051781095742002
2.948 -0.00037299546725735584
2.949 -0.0003221324489949892
2.95 -0.00037299546725735584
2.951 -0.00037299546725735584
2.952 -0.00044081282494051147
2.953 -0.00038994980667814475
2.954 -0.00038994980667814475
2.955 -0.00033908678841577803
2.956 -0.00037299546725735584
2.957 -0.00037299546725735584
2.958 -0.00035604112783656694
2.959 -0.00033908678841577803
2.96 -0.0003221324489949892
2.961 -0.00035604112783656694
2.962 -0.00035604112783656694
2.963 -0.00038994980667814475
2.964 -0.00037299546725735584
2.965 -0.00037299546725735584
2.966 -0.00038994980667814475
2.967 -0.00037299546725735584
2.968 -0.0004069041460989336
2.969 -0.00037299546725735584
2.97 -0.0004069041460989336
2.971 -0.00033908678841577803
2.972 -0.00035604112783656694
2.973 -0.00037299546725735584
2.974 -0.00042385848551972256
2.975 -0.00044081282494051147
2.976 -0.0004069041460989336
2.977 -0.00037299546725735584
2.978 -0.00044081282494051147
2.979 -0.00044081282494051147
2.98 -0.00033908678841577803
2.981 -0.00033908678841577803
2.982 -0.00038994980667814475
2.983 -0.00038994980667814475
2.984 -0.0004069041460989336
2.985 -0.00038994980667814475
2.986 -0.00037299546725735584
2.987 -0.00033908678841577803
2.988 -0.00038994980667814475
2.989 -0.00033908678841577803
2.99 -0.00042385848551972256
2.991 -0.00038994980667814475
2.992 -0.00038994980667814475
2.993 -0.0004069041460989336
2.994 -0.00038994980667814475
2.995 -0.00037299546725735584
2.996 -0.00033908678841577803
2.997 -0.00038994980667814475
2.998 -0.00037299546725735584
2.999 -0.00037299546725735584
3 -0.0003221324489949892
3.001 -0.00038994980667814475
3.0020000000000002 -0.00035604112783656694
3.003 -0.00038994980667814475
3.004 -0.0003221324489949892
3.005 -0.0003221324489949892
3.0060000000000002 -0.00037299546725735584
3.007 -0.00035604112783656694
3.008 -0.00037299546725735584
3.009 -0.0003221324489949892
3.0100000000000002 -0.00033908678841577803
3.011 -0.00037299546725735584
3.012 -0.0003051781095742002
3.013 -0.00038994980667814475
3.0140000000000002 -0.00037299546725735584
3.015 -0.00037299546725735584
3.016 -0.00037299546725735584
3.017 -0.00033908678841577803
3.0180000000000002 -0.00038994980667814475
3.019 -0.0004069041460989336
3.02 -0.0003221324489949892
3.021 -0.00037299546725735584
3.0220000000000002 -0.0004069041460989336
3.023 -0.00035604112783656694
3.024 -0.00033908678841577803
3.025 -0.00035604112783656694
3.0260000000000002 -0.00033908678841577803
3.027 -0.0004069041460989336
3.028 -0.00037299546725735584
3.029 -0.00038994980667814475
3.0300000000000002 -0.00033908678841577803
3.031 -0.00038994980667814475
3.032 -0.00037299546725735584
3.033 -0.00038994980667814475
3.0340000000000003 -0.00035604112783656694
3.035 -0.00035604112783656694
3.036 -0.00037299546725735584
3.037 -0.00033908678841577803
3.0380000000000003 -0.00033908678841577803
3.039 -0.00038994980667814475
3.04 -0.00042385848551972256
3.041 -0.00042385848551972256
3.0420000000000003 -0.0004069041460989336
3.043 -0.00037299546725735584
3.044 -0.00037299546725735584
3.045 -0.0004069041460989336
3.0460000000000003 -0.00038994980667814475
3.047 -0.00037299546725735584
3.048 -0.00038994980667814475
3.049 -0.0004069041460989336
3.0500000000000003 -0.0004069041460989336
3.051 -0.00042385848551972256
3.052 -0.0004577671643613003
3.053 -0.00038994980667814475
3.0540000000000003 -0.0004069041460989336
3.055 -0.00042385848551972256
3.056 -0.00038994980667814475
3.057 -0.00033908678841577803
3.0580000000000003 -0.00035604112783656694
3.059 -0.00037299546725735584
3.06 -0.00042385848551972256
3.061 -0.0004069041460989336
3.0620000000000003 -0.00038994980667814475
3.063 -0.00037299546725735584
3.064 -0.00035604112783656694
3.065 -0.00037299546725735584
3.0660000000000003 -0.00037299546725735584
3.067 -0.00035604112783656694
3.068 -0.00038994980667814475
3.069 -0.00037299546725735584
3.0700000000000003 -0.00035604112783656694
3.071 -0.00033908678841577803
3.072 -0.00037299546725735584
3.073 -0.00042385848551972256
3.074 -0.00042385848551972256
3.075 -0.0004069041460989336
3.076 -0.00033908678841577803
3.077 -0.00037299546725735584
3.078 -0.00035604112783656694
3.079 -0.00037299546725735584
3.08 -0.00035604112783656694
3.081 -0.00038994980667814475
3.082 -0.00037299546725735584
3.083 -0.00035604112783656694
3.084 -0.00035604112783656694
3.085 -0.00037299546725735584
3.086 -0.0004069041460989336
3.087 -0.00044081282494051147
3.088 -0.00038994980667814475
3.089 -0.0004069041460989336
3.09 -0.00044081282494051147
3.091 -0.00038994980667814475
3.092 -0.00035604112783656694
3.093 -0.0004069041460989336
3.094 -0.00033908678841577803
3.095 -0.00035604112783656694
3.096 -0.00038994980667814475
3.097 -0.00037299546725735584
3.098 -0.00035604112783656694
3.099 -0.00037299546725735584
3.1 -0.00037299546725735584
3.101 -0.00033908678841577803
3.102 -0.00037299546725735584
3.103 -0.0004069041460989336
3.104 -0.00037299546725735584
3.105 -0.0004069041460989336
3.106 -0.00037299546725735584
3.107 -0.00035604112783656694
3.108 -0.00038994980667814475
3.109 -0.0003221324489949892
3.11 -0.0003221324489949892
3.111 -0.0004069041460989336
3.112 -0.00038994980667814475
3.113 -0.00037299546725735584
3.114 -0.00035604112783656694
3.115 -0.00035604112783656694
3.116 -0.0003221324489949892
3.117 -0.00033908678841577803
3.118 -0.00037299546725735584
3.119 -0.00035604112783656694
3.12 -0.00033908678841577803
3.121 -0.0004069041460989336
3.122 -0.0003221324489949892
3.123 -0.0004069041460989336
3.124 -0.00038994980667814475
3.125 -0.00037299546725735584
3.126 -0.00035604112783656694
3.1270000000000002 -0.0004069041460989336
3.128 -0.0004069041460989336
3.129 -0.0003221324489949892
3.13 -0.00037299546725735584
3.1310000000000002 -0.0003221324489949892
3.132 -0.00038994980667814475
3.133 -0.0004069041460989336
3.134 -0.00033908678841577803
3.1350000000000002 -0.0004577671643613003
3.136 -0.00037299546725735584
3.137 -0.00035604112783656694
3.138 -0.00042385848551972256
3.1390000000000002 -0.00035604112783656694
3.14 -0.00038994980667814475
3.141 -0.00038994980667814475
3.142 -0.00033908678841577803
3.1430000000000002 -0.00042385848551972256
3.144 -0.00033908678841577803
3.145 -0.00033908678841577803
3.146 -0.00038994980667814475
3.1470000000000002 -0.00033908678841577803
3.148 -0.0003221324489949892
3.149 -0.00038994980667814475
3.15 -0.0004069041460989336
3.1510000000000002 -0.00033908678841577803
3.152 -0.0004069041460989336
3.153 -0.00037299546725735584
3.154 -0.00037299546725735584
3.1550000000000002 -0.00037299546725735584
3.156 -0.00037299546725735584
3.157 -0.0003051781095742002
3.158 -0.00037299546725735584
3.1590000000000003 -0.0004577671643613003
3.16 -0.0004069041460989336
3.161 -0.0004069041460989336
3.162 -0.00042385848551972256
3.1630000000000003 -0.00037299546725735584
3.164 -0.00038994980667814475
3.165 -0.00042385848551972256
3.166 -0.00042385848551972256
3.1670000000000003 -0.0004069041460989336
3.168 -0.00042385848551972256
3.169 -0.00038994980667814475
3.17 -0.00037299546725735584
3.1710000000000003 -0.00037299546725735584
3.172 -0.00035604112783656694
3.173 -0.00033908678841577803
3.174 -0.00042385848551972256
3.1750000000000003 -0.00038994980667814475
3.176 -0.00038994980667814475
3.177 -0.0004069041460989336
3.178 -0.00037299546725735584
3.1790000000000003 -0.0003051781095742002
3.18 -0.00028822377015341136
3.181 -0.00038994980667814475
3.182 -0.00037299546725735584
3.1830000000000003 -0.00038994980667814475
3.184 -0.00038994980667814475
3.185 -0.00037299546725735584
3.186 -0.00042385848551972256
3.1870000000000003 -0.00038994980667814475
3.188 -0.00038994980667814475
3.189 -0.00028822377015341136
3.19 -0.00037299546725735584
3.1910000000000003 -0.00035604112783656694
3.192 -0.00035604112783656694
3.193 -0.0004069041460989336
3.194 -0.00038994980667814475
3.1950000000000003 -0.00033908678841577803
3.196 -0.00033908678841577803
3.197 -0.00037299546725735584
3.198 -0.00035604112783656694
3.1990000000000003 -0.00035604112783656694
3.2 -0.00035604112783656694
3.201 -0.00038994980667814475
3.202 -0.00038994980667814475
3.203 -0.0004069041460989336
3.204 -0.0004069041460989336
3.205 -0.00035604112783656694
3.206 -0.00035604112783656694
3.207 -0.0004069041460989336
3.208 -0.00038994980667814475
3.209 -0.00033908678841577803
3.21 -0.00038994980667814475
3.211 -0.00037299546725735584
3.212 -0.00035604112783656694
3.213 -0.00033908678841577803
3.214 -0.00038994980667814475
3.215 -0.00035604112783656694
3.216 -0.00037299546725735584
3.217 -0.00038994980667814475
3.218 -0.00038994980667814475
3.219 -0.00037299546725735584
3.22 -0.00035604112783656694
3.221 -0.0004069041460989336
3.222 -0.00042385848551972256
3.223 -0.00038994980667814475
3.224 -0.00033908678841577803
3.225 -0.00037299546725735584
3.226 -0.0003221324489949892
3.227 -0.0004069041460989336
3.228 -0.00037299546725735584
3.229 -0.00042385848551972256
3.23 -0.00037299546725735584
3.231 -0.00038994980667814475
3.232 -0.00037299546725735584
3.233 -0.00035604112783656694
3.234 -0.00033908678841577803
3.235 -0.00042385848551972256
3.236 -0.00035604112783656694
3.237 -0.00044081282494051147
3.238 -0.00035604112783656694
3.239 -0.00037299546725735584
3.24 -0.00037299546725735584
3.241 -0.0004577671643613003
3.242 -0.00033908678841577803
3.243 -0.00038994980667814475
3.244 -0.0004069041460989336
3.245 -0.0003221324489949892
3.246 -0.0003221324489949892
3.247 -0.00038994980667814475
3.248 -0.00042385848551972256
3.249 -0.00038994980667814475
3.25 -0.00033908678841577803
3.251 -0.00033908678841577803
3.2520000000000002 -0.00038994980667814475
3.253 -0.00037299546725735584
3.254 -0.00035604112783656694
3.255 -0.00033908678841577803
3.2560000000000002 -0.0004069041460989336
3.257 -0.00042385848551972256
3.258 -0.0004069041460989336
3.259 -0.00038994980667814475
3.2600000000000002 -0.00037299546725735584
3.261 -0.00042385848551972256
3.262 -0.0004069041460989336
3.263 -0.00037299546725735584
3.2640000000000002 -0.00037299546725735584
3.265 -0.00042385848551972256
3.266 -0.00038994980667814475
3.267 -0.00038994980667814475
3.2680000000000002 -0.00038994980667814475
3.269 -0.00038994980667814475
3.27 -0.00037299546725735584
3.271 -0.00035604112783656694
3.2720000000000002 -0.00044081282494051147
3.273 -0.0003221324489949892
3.274 -0.0004069041460989336
3.275 -0.00042385848551972256
3.2760000000000002 -0.00037299546725735584
3.277 -0.0004069041460989336
3.278 -0.00044081282494051147
3.279 -0.00037299546725735584
3.2800000000000002 -0.00042385848551972256
3.281 -0.00038994980667814475
3.282 -0.00037299546725735584
3.283 -0.00044081282494051147
3.2840000000000003 -0.00038994980667814475
3.285 -0.0004069041460989336
3.286 -0.0004069041460989336
3.287 -0.00037299546725735584
3.2880000000000003 -0.00038994980667814475
3.289 -0.00037299546725735584
3.29 -0.00038994980667814475
3.291 -0.00038994980667814475
3.2920000000000003 -0.00035604112783656694
3.293 -0.00033908678841577803
3.294 -0.00037299546725735584
3.295 -0.00042385848551972256
3.2960000000000003 -0.0004069041460989336
3.297 -0.00038994980667814475
3.298 -0.00033908678841577803
3.299 -0.00038994980667814475
3.3000000000000003 -0.00035604112783656694
3.301 -0.00037299546725735584
3.302 -0.0003221324489949892
3.303 -0.00037299546725735584
3.3040000000000003 -0.0004069041460989336
3.305 -0.00037299546725735584
3.306 -0.00035604112783656694
3.307 -0.00037299546725735584
3.3080000000000003 -0.00038994980667814475
3.309 -0.00037299546725735584
3.31 -0.00035604112783656694
3.311 -0.0003221324489949892
3.3120000000000003 -0.00035604112783656694
3.313 -0.00035604112783656694
3.314 -0.00037299546725735584
3.315 -0.00033908678841577803
3.3160000000000003 -0.00033908678841577803
3.317 -0.00035604112783656694
3.318 -0.00038994980667814475
3.319 -0.00042385848551972256
3.3200000000000003 -0.00035604112783656694
3.321 -0.00044081282494051147
3.322 -0.00037299546725735584
3.323 -0.00035604112783656694
3.3240000000000003 -0.00035604112783656694
3.325 -0.00038994980667814475
3.326 -0.00038994980667814475
3.327 -0.0004069041460989336
3.3280000000000003 -0.00035604112783656694
3.329 -0.00038994980667814475
3.33 -0.00035604112783656694
3.331 -0.00044081282494051147
3.332 -0.0003221324489949892
3.333 -0.0004069041460989336
3.334 -0.00033908678841577803
3.335 -0.00044081282494051147
3.336 -0.00037299546725735584
3.337 -0.00038994980667814475
3.338 -0.0003221324489949892
3.339 -0.00038994980667814475
3.34 -0.00037299546725735584
3.341 -0.00033908678841577803
3.342 -0.00037299546725735584
3.343 -0.00035604112783656694
3.344 -0.0003221324489949892
3.345 -0.00033908678841577803
3.346 -0.00035604112783656694
3.347 -0.00037299546725735584
3.348 -0.00037299546725735584
3.349 -0.00035604112783656694
3.35 -0.00037299546725735584
3.351 -0.0004069041460989336
3.352 -0.00037299546725735584
3.353 -0.00038994980667814475
3.354 -0.00035604112783656694
3.355 -0.00035604112783656694
3.356 -0.00042385848551972256
3.357 -0.00037299546725735584
3.358 -0.0003051781095742002
3.359 -0.00037299546725735584
3.36 -0.0004069041460989336
3.361 -0.0004069041460989336
3.362 -0.00038994980667814475
3.363 -0.00038994980667814475
3.364 -0.0004069041460989336
3.365 -0.0003221324489949892
3.366 -0.00042385848551972256
3.367 -0.00033908678841577803
3.368 -0.0004069041460989336
3.369 -0.00037299546725735584
3.37 -0.00044081282494051147
3.371 -0.00033908678841577803
3.372 -0.00038994980667814475
3.373 -0.00035604112783656694
3.374 -0.0004069041460989336
3.375 -0.00038994980667814475
3.376 -0.00033908678841577803
3.3770000000000002 -0.00035604112783656694
3.378 -0.00037299546725735584
3.379 -0.00038994980667814475
3.38 -0.00042385848551972256
3.3810000000000002 -0.0004069041460989336
3.382 -0.00038994980667814475
3.383 -0.00038994980667814475
3.384 -0.00037299546725735584
3.3850000000000002 -0.00038994980667814475
3.386 -0.00037299546725735584
3.387 -0.00035604112783656694
3.388 -0.00038994980667814475
3.3890000000000002 -0.0004069041460989336
3.39 -0.00033908678841577803
3.391 -0.00037299546725735584
3.392 -0.0003221324489949892
3.3930000000000002 -0.00042385848551972256
3.394 -0.00042385848551972256
3.395 -0.00037299546725735584
3.396 -0.0004069041460989336
3.3970000000000002 -0.00033908678841577803
3.398 -0.00033908678841577803
3.399 -0.0003051781095742002
3.4 -0.00038994980667814475
3.4010000000000002 -0.00033908678841577803
3.402 -0.00035604112783656694
3.403 -0.00035604112783656694
3.404 -0.00035604112783656694
3.4050000000000002 -0.00033908678841577803
3.406 -0.00037299546725735584
3.407 -0.00038994980667814475
3.408 -0.00038994980667814475
3.4090000000000003 -0.00038994980667814475
3.41 -0.00038994980667814475
3.411 -0.00037299546725735584
3.412 -0.00037299546725735584
3.4130000000000003 -0.00033908678841577803
3.414 -0.00037299546725735584
3.415 -0.00037299546725735584
3.416 -0.00035604112783656694
3.4170000000000003 -0.00033908678841577803
3.418 -0.0004069041460989336
3.419 -0.00033908678841577803
3.42 -0.00035604112783656694
3.4210000000000003 -0.00035604112783656694
3.422 -0.00044081282494051147
3.423 -0.00038994980667814475
3.424 -0.00038994980667814475
3.4250000000000003 -0.00035604112783656694
3.426 -0.00037299546725735584
3.427 -0.00038994980667814475
3.428 -0.0004069041460989336
3.4290000000000003 -0.00037299546725735584
3.43 -0.00042385848551972256
3.431 -0.00042385848551972256
3.432 -0.00033908678841577803
3.4330000000000003 -0.00038994980667814475
3.434 -0.00037299546725735584
3.435 -0.00033908678841577803
3.436 -0.00042385848551972256
3.4370000000000003 -0.0003051781095742002
3.438 -0.00037299546725735584
3.439 -0.00035604112783656694
3.44 -0.00035604112783656694
3.4410000000000003 -0.00035604112783656694
3.442 -0.00037299546725735584
3.443 -0.00038994980667814475
3.444 -0.00033908678841577803
3.4450000000000003 -0.00037299546725735584
3.446 -0.0004069041460989336
3.447 -0.00038994980667814475
3.448 -0.00035604112783656694
3.4490000000000003 -0.0004069041460989336
3.45 -0.0003221324489949892
3.451 -0.00037299546725735584
3.452 -0.00037299546725735584
3.4530000000000003 -0.00044081282494051147
3.454 -0.00035604112783656694
3.455 -0.0003221324489949892
3.456 -0.00035604112783656694
3.457 -0.0004577671643613003
3.458 -0.00035604112783656694
3.459 -0.00038994980667814475
3.46 -0.00035604112783656694
3.461 -0.00038994980667814475
3.462 -0.00037299546725735584
3.463 -0.00035604112783656694
3.464 -0.00028822377015341136
3.465 -0.00044081282494051147
3.466 -0.00037299546725735584
3.467 -0.00042385848551972256
3.468 -0.00035604112783656694
3.469 -0.00038994980667814475
3.47 -0.00038994980667814475
3.471 -0.0004069041460989336
3.472 -0.00037299546725735584
3.473 -0.00042385848551972256
3.474 -0.0004069041460989336
3.475 -0.00038994980667814475
3.476 -0.00033908678841577803
3.477 -0.00038994980667814475
3.478 -0.00033908678841577803
3.479 -0.0004069041460989336
3.48 -0.00042385848551972256
3.481 -0.00035604112783656694
3.482 -0.00033908678841577803
3.483 -0.00037299546725735584
3.484 -0.00038994980667814475
3.485 -0.00037299546725735584
3.486 -0.00033908678841577803
3.487 -0.0004577671643613003
3.488 -0.0004069041460989336
3.489 -0.0004069041460989336
3.49 -0.00037299546725735584
3.491 -0.0004069041460989336
3.492 -0.00044081282494051147
3.493 -0.00037299546725735584
3.494 -0.00035604112783656694
3.495 -0.00037299546725735584
3.496 -0.0003221324489949892
3.497 -0.0004069041460989336
3.498 -0.00037299546725735584
3.499 -0.00038994980667814475
3.5 -0.00038994980667814475
3.501 -0.00038994980667814475
3.5020000000000002 -0.00035604112783656694
3.503 -0.0003051781095742002
3.504 -0.00035604112783656694
3.505 -0.00038994980667814475
3.5060000000000002 -0.0003221324489949892
3.507 -0.00044081282494051147
3.508 -0.00035604112783656694
3.509 -0.0003221324489949892
3.5100000000000002 -0.0004069041460989336
3.511 -0.00042385848551972256
3.512 -0.0003221324489949892
3.513 -0.00033908678841577803
3.5140000000000002 -0.00038994980667814475
3.515 -0.0004069041460989336
3.516 -0.00033908678841577803
3.517 -0.00038994980667814475
3.5180000000000002 -0.00033908678841577803
3.519 -0.00037299546725735584
3.52 -0.0004069041460989336
3.521 -0.00042385848551972256
3.5220000000000002 -0.00038994980667814475
3.523 -0.00035604112783656694
3.524 -0.00038994980667814475
3.525 -0.00033908678841577803
3.5260000000000002 -0.00035604112783656694
3.527 -0.00035604112783656694
3.528 -0.0004069041460989336
3.529 -0.00037299546725735584
3.5300000000000002 -0.0004069041460989336
3.531 -0.00037299546725735584
3.532 -0.00042385848551972256
3.533 -0.0004069041460989336
3.5340000000000003 -0.0004069041460989336
3.535 -0.00035604112783656694
3.536 -0.00038994980667814475
3.537 -0.00037299546725735584
3.5380000000000003 -0.00044081282494051147
3.539 -0.00037299546725735584
3.54 -0.00035604112783656694
3.541 -0.00037299546725735584
3.5420000000000003 -0.00035604112783656694
3.543 -0.0004069041460989336
3.544 -0.0004069041460989336
3.545 -0.00037299546725735584
3.5460000000000003 -0.00038994980667814475
3.547 -0.0003051781095742002
3.548 -0.00035604112783656694
3.549 -0.00035604112783656694
3.5500000000000003 -0.00038994980667814475
3.551 -0.00038994980667814475
3.552 -0.00037299546725735584
3.553 -0.0004069041460989336
3.5540000000000003 -0.00038994980667814475
3.555 -0.0004069041460989336
3.556 -0.0004069041460989336
3.557 -0.00035604112783656694
3.5580000000000003 -0.00044081282494051147
3.559 -0.00033908678841577803
3.56 -0.0003051781095742002
3.561 -0.0004069041460989336
3.5620000000000003 -0.00037299546725735584
3.563 -0.00033908678841577803
3.564 -0.00037299546725735584
3.565 -0.0004577671643613003
3.5660000000000003 -0.00035604112783656694
3.567 -0.0004069041460989336
3.568 -0.00035604112783656694
3.569 -0.00037299546725735584
3.5700000000000003 -0.0004069041460989336
3.571 -0.00037299546725735584
3.572 -0.00038994980667814475
3.573 -0.00037299546725735584
3.5740000000000003 -0.00038994980667814475
3.575 -0.00042385848551972256
3.576 -0.0004069041460989336
3.577 -0.00044081282494051147
3.5780000000000003 -0.00044081282494051147
3.579 -0.0004069041460989336
3.58 -0.00038994980667814475
3.581 -0.00035604112783656694
3.5820000000000003 -0.00037299546725735584
3.583 -0.00038994980667814475
3.584 -0.0003221324489949892
3.585 -0.0004069041460989336
3.586 -0.00037299546725735584
3.587 -0.00037299546725735584
3.588 -0.00037299546725735584
3.589 -0.0004069041460989336
3.59 -0.00033908678841577803
3.591 -0.00033908678841577803
3.592 -0.00042385848551972256
3.593 -0.00042385848551972256
3.594 -0.00033908678841577803
3.595 -0.00035604112783656694
3.596 -0.00044081282494051147
3.597 -0.00037299546725735584
3.598 -0.0004069041460989336
3.599 -0.0004069041460989336
3.6 -0.00028822377015341136
3.601 -0.00038994980667814475
3.602 -0.00042385848551972256
3.603 -0.00033908678841577803
3.604 -0.00042385848551972256
3.605 -0.00037299546725735584
3.606 -0.00038994980667814475
3.607 -0.00033908678841577803
3.608 -0.00035604112783656694
3.609 -0.00033908678841577803
3.61 -0.00035604112783656694
3.611 -0.00035604112783656694
3.612 -0.00038994980667814475
3.613 -0.00037299546725735584
3.614 -0.0003051781095742002
3.615 -0.00038994980667814475
3.616 -0.00038994980667814475
3.617 -0.00033908678841577803
3.618 -0.00033908678841577803
3.619 -0.0004069041460989336
3.62 -0.00042385848551972256
3.621 -0.00037299546725735584
3.622 -0.00038994980667814475
3.623 -0.00035604112783656694
3.624 -0.00037299546725735584
3.625 -0.00042385848551972256
3.626 -0.00035604112783656694
3.6270000000000002 -0.0003221324489949892
3.628 -0.00033908678841577803
3.629 -0.00037299546725735584
3.63 -0.00038994980667814475
3.6310000000000002 -0.00044081282494051147
3.632 -0.00038994980667814475
3.633 -0.00038994980667814475
3.634 -0.00035604112783656694
3.6350000000000002 -0.00035604112783656694
3.636 -0.0004069041460989336
3.637 -0.0003221324489949892
3.638 -0.0003221324489949892
3.6390000000000002 -0.00033908678841577803
3.64 -0.00037299546725735584
3.641 -0.00038994980667814475
3.642 -0.0004069041460989336
3.6430000000000002 -0.0004069041460989336
3.644 -0.00042385848551972256
3.645 -0.00038994980667814475
3.646 -0.00038994980667814475
3.6470000000000002 -0.00037299546725735584
3.648 -0.00035604112783656694
3.649 -0.00044081282494051147
3.65 -0.00037299546725735584
3.6510000000000002 -0.00037299546725735584
3.652 -0.00037299546725735584
3.653 -0.00038994980667814475
3.654 -0.00042385848551972256
3.6550000000000002 -0.00044081282494051147
3.656 -0.00033908678841577803
3.657 -0.00035604112783656694
3.658 -0.00037299546725735584
3.6590000000000003 -0.00033908678841577803
3.66 -0.00044081282494051147
3.661 -0.0004069041460989336
3.662 -0.00038994980667814475
3.6630000000000003 -0.00035604112783656694
3.664 -0.00037299546725735584
3.665 -0.00033908678841577803
3.666 -0.0004069041460989336
3.6670000000000003 -0.00044081282494051147
3.668 -0.00042385848551972256
3.669 -0.00037299546725735584
3.67 -0.00035604112783656694
3.6710000000000003 -0.00033908678841577803
3.672 -0.0004069041460989336
3.673 -0.0004069041460989336
3.674 -0.00038994980667814475
3.6750000000000003 -0.00035604112783656694
3.676 -0.00038994980667814475
3.677 -0.00038994980667814475
3.678 -0.00038994980667814475
3.6790000000000003 -0.0003221324489949892
3.68 -0.00033908678841577803
3.681 -0.00038994980667814475
3.682 -0.00035604112783656694
3.6830000000000003 -0.00042385848551972256
3.684 -0.00035604112783656694
3.685 -0.00035604112783656694
3.686 -0.0004069041460989336
3.6870000000000003 -0.0004069041460989336
3.688 -0.0004069041460989336
3.689 -0.0004069041460989336
3.69 -0.00035604112783656694
3.6910000000000003 -0.00035604112783656694
3.692 -0.00033908678841577803
3.693 -0.00037299546725735584
3.694 -0.0004069041460989336
3.6950000000000003 -0.00035604112783656694
3.696 -0.00037299546725735584
3.697 -0.0004069041460989336
3.698 -0.0004069041460989336
3.6990000000000003 -0.00044081282494051147
3.7 -0.00042385848551972256
3.701 -0.00037299546725735584
3.702 -0.00033908678841577803
3.7030000000000003 -0.00037299546725735584
3.704 -0.0004069041460989336
3.705 -0.00035604112783656694
3.706 -0.00037299546725735584
3.7070000000000003 -0.00037299546725735584
3.708 -0.00037299546725735584
3.709 -0.00038994980667814475
3.71 -0.0003221324489949892
3.7110000000000003 -0.0003221324489949892
3.712 -0.00037299546725735584
3.713 -0.0004069041460989336
3.714 -0.00033908678841577803
3.715 -0.00037299546725735584
3.716 -0.00037299546725735584
3.717 -0.00033908678841577803
3.718 -0.00042385848551972256
3.719 -0.0004069041460989336
3.72 -0.00035604112783656694
3.721 -0.0004069041460989336
3.722 -0.00037299546725735584
3.723 -0.00033908678841577803
3.724 -0.0004069041460989336
3.725 -0.00037299546725735584
3.726 -0.00035604112783656694
3.727 -0.00038994980667814475
3.728 -0.00042385848551972256
3.729 -0.00035604112783656694
3.73 -0.00038994980667814475
3.731 -0.00038994980667814475
3.732 -0.0004069041460989336
3.733 -0.00044081282494051147
3.734 -0.00037299546725735584
3.735 -0.00042385848551972256
3.736 -0.00033908678841577803
3.737 -0.00035604112783656694
3.738 -0.00038994980667814475
3.739 -0.00035604112783656694
3.74 -0.0002712694307326224
3.741 -0.00038994980667814475
3.742 -0.00035604112783656694
3.743 -0.00035604112783656694
3.744 -0.00037299546725735584
3.745 -0.00035604112783656694
3.746 -0.00042385848551972256
3.747 -0.0004069041460989336
3.748 -0.00037299546725735584
3.749 -0.00042385848551972256
3.75 -0.00035604112783656694
3.751 -0.0003221324489949892
3.7520000000000002 -0.00035604112783656694
3.753 -0.00033908678841577803
3.754 -0.00037299546725735584
3.755 -0.00037299546725735584
3.7560000000000002 -0.0003051781095742002
3.757 -0.00035604112783656694
3.758 -0.00037299546725735584
3.759 -0.0004069041460989336
3.7600000000000002 -0.00038994980667814475
3.761 -0.00042385848551972256
3.762 -0.00035604112783656694
3.763 -0.00035604112783656694
3.7640000000000002 -0.00037299546725735584
3.765 -0.0003051781095742002
3.766 -0.00035604112783656694
3.767 -0.00038994980667814475
3.7680000000000002 -0.00037299546725735584
3.769 -0.00038994980667814475
3.77 -0.00037299546725735584
3.771 -0.0004069041460989336
3.7720000000000002 -0.00038994980667814475
3.773 -0.00038994980667814475
3.774 -0.0004069041460989336
3.775 -0.00033908678841577803
3.7760000000000002 -0.0004069041460989336
3.777 -0.00033908678841577803
3.778 -0.00035604112783656694
3.779 -0.00033908678841577803
3.7800000000000002 -0.00037299546725735584
3.781 -0.00038994980667814475
3.782 -0.00038994980667814475
3.783 -0.00038994980667814475
3.7840000000000003 -0.00037299546725735584
3.785 -0.0004069041460989336
3.786 -0.00038994980667814475
3.787 -0.0004069041460989336
3.7880000000000003 -0.00033908678841577803
3.789 -0.00042385848551972256
3.79 -0.00035604112783656694
3.791 -0.00037299546725735584
3.7920000000000003 -0.00038994980667814475
3.793 -0.00044081282494051147
3.794 -0.00038994980667814475
3.795 -0.0004069041460989336
3.7960000000000003 -0.00038994980667814475
3.797 -0.00037299546725735584
3.798 -0.0003051781095742002
3.799 -0.00035604112783656694
3.8000000000000003 -0.00033908678841577803
3.801 -0.00035604112783656694
3.802 -0.00037299546725735584
3.803 -0.00038994980667814475
3.8040000000000003 -0.00042385848551972256
3.805 -0.00035604112783656694
3.806 -0.00037299546725735584
3.807 -0.0003051781095742002
3.8080000000000003 -0.00038994980667814475
3.809 -0.0004069041460989336
3.81 -0.00035604112783656694
3.811 -0.0003051781095742002
3.8120000000000003 -0.00038994980667814475
3.813 -0.00037299546725735584
3.814 -0.00038994980667814475
3.815 -0.00037299546725735584
3.8160000000000003 -0.0003221324489949892
3.817 -0.00038994980667814475
3.818 -0.0004069041460989336
3.819 -0.00042385848551972256
3.8200000000000003 -0.00033908678841577803
3.821 -0.00038994980667814475
3.822 -0.00044081282494051147
3.823 -0.0004069041460989336
3.8240000000000003 -0.00035604112783656694
3.825 -0.00035604112783656694
3.826 -0.00033908678841577803
3.827 -0.00035604112783656694
3.8280000000000003 -0.00037299546725735584
3.829 -0.00033908678841577803
3.83 -0.00038994980667814475
3.831 -0.0004069041460989336
3.8320000000000003 -0.00038994980667814475
3.833 -0.00033908678841577803
3.834 -0.00035604112783656694
3.835 -0.00035604112783656694
3.8360000000000003 -0.00035604112783656694
3.837 -0.00042385848551972256
3.838 -0.00038994980667814475
3.839 -0.00042385848551972256
3.84 -0.00038994980667814475
3.841 -0.00038994980667814475
3.842 -0.00037299546725735584
3.843 -0.0004069041460989336
3.844 -0.00038994980667814475
3.845 -0.00037299546725735584
3.846 -0.0004069041460989336
3.847 -0.00038994980667814475
3.848 -0.00037299546725735584
3.849 -0.00038994980667814475
3.85 -0.00042385848551972256
3.851 -0.00035604112783656694
3.852 -0.00037299546725735584
3.853 -0.0004069041460989336
3.854 -0.00037299546725735584
3.855 -0.00042385848551972256
3.856 -0.00038994980667814475
3.857 -0.00042385848551972256
3.858 -0.00033908678841577803
3.859 -0.0004069041460989336
3.86 -0.00038994980667814475
3.861 -0.00037299546725735584
3.862 -0.0004069041460989336
3.863 -0.0004069041460989336
3.864 -0.0004069041460989336
3.865 -0.00037299546725735584
3.866 -0.00035604112783656694
3.867 -0.00033908678841577803
3.868 -0.00038994980667814475
3.869 -0.0003221324489949892
3.87 -0.00038994980667814475
3.871 -0.0004069041460989336
3.872 -0.00037299546725735584
3.873 -0.0003051781095742002
3.874 -0.00035604112783656694
3.875 -0.00038994980667814475
3.876 -0.00035604112783656694
3.8770000000000002 -0.00035604112783656694
3.878 -0.00038994980667814475
3.879 -0.0003221324489949892
3.88 -0.0003221324489949892
3.8810000000000002 -0.00038994980667814475
3.882 -0.0004069041460989336
3.883 -0.00033908678841577803
3.884 -0.00042385848551972256
3.8850000000000002 -0.00033908678841577803
3.886 -0.00037299546725735584
3.887 -0.00035604112783656694
3.888 -0.00037299546725735584
3.8890000000000002 -0.00047472150378208923
3.89 -0.00042385848551972256
3.891 -0.0004069041460989336
3.892 -0.00035604112783656694
3.8930000000000002 -0.00038994980667814475
3.894 -0.00044081282494051147
3.895 -0.00044081282494051147
3.896 -0.00042385848551972256
3.8970000000000002 -0.00038994980667814475
3.898 -0.0004069041460989336
3.899 -0.0004069041460989336
3.9 -0.00033908678841577803
3.9010000000000002 -0.00037299546725735584
3.902 -0.00038994980667814475
3.903 -0.00038994980667814475
3.904 -0.00038994980667814475
3.9050000000000002 -0.00035604112783656694
3.906 -0.00037299546725735584
3.907 -0.00037299546725735584
3.908 -0.00038994980667814475
3.9090000000000003 -0.00035604112783656694
3.91 -0.00038994980667814475
3.911 -0.00037299546725735584
3.912 -0.0004577671643613003
3.9130000000000003 -0.0003221324489949892
3.914 -0.00037299546725735584
3.915 -0.00042385848551972256
3.916 -0.00038994980667814475
3.9170000000000003 -0.00033908678841577803
3.918 -0.00042385848551972256
3.919 -0.00042385848551972256
3.92 -0.00035604112783656694
3.9210000000000003 -0.00033908678841577803
3.922 -0.00035604112783656694
3.923 -0.00044081282494051147
3.924 -0.00033908678841577803
3.9250000000000003 -0.00035604112783656694
3.926 -0.0004069041460989336
3.927 -0.00038994980667814475
3.928 -0.0004069041460989336
3.9290000000000003 -0.00035604112783656694
3.93 -0.00035604112783656694
3.931 -0.00038994980667814475
3.932 -0.00035604112783656694
3.9330000000000003 -0.00035604112783656694
3.934 -0.00042385848551972256
3.935 -0.00035604112783656694
3.936 -0.00038994980667814475
3.9370000000000003 -0.00038994980667814475
3.938 -0.0003221324489949892
3.939 -0.0004069041460989336
3.94 -0.00037299546725735584
3.9410000000000003 -0.00037299546725735584
3.942 -0.00037299546725735584
3.943 -0.0003051781095742002
3.944 -0.00035604112783656694
3.9450000000000003 -0.00035604112783656694
3.946 -0.00038994980667814475
3.947 -0.0004069041460989336
3.948 -0.0003051781095742002
3.9490000000000003 -0.00033908678841577803
3.95 -0.00035604112783656694
3.951 -0.00035604112783656694
3.952 -0.0004069041460989336
3.9530000000000003 -0.00035604112783656694
3.954 -0.0003221324489949892
3.955 -0.00038994980667814475
3.956 -0.00033908678841577803
3.9570000000000003 -0.00035604112783656694
3.958 -0.00035604112783656694
3.959 -0.0003221324489949892
3.96 -0.00038994980667814475
3.9610000000000003 -0.00033908678841577803
3.962 -0.0004069041460989336
3.963 -0.00037299546725735584
3.964 -0.00037299546725735584
3.9650000000000003 -0.00037299546725735584
3.966 -0.00037299546725735584
3.967 -0.0003051781095742002
3.968 -0.00037299546725735584
3.969 -0.00037299546725735584
3.97 -0.00044081282494051147
3.971 -0.00038994980667814475
3.972 -0.0004069041460989336
3.973 -0.00038994980667814475
3.974 -0.00042385848551972256
3.975 -0.00035604112783656694
3.976 -0.00035604112783656694
3.977 -0.00038994980667814475
3.978 -0.00037299546725735584
3.979 -0.00035604112783656694
3.98 -0.0003221324489949892
3.981 -0.0004069041460989336
3.982 -0.0004069041460989336
3.983 -0.00033908678841577803
3.984 -0.00044081282494051147
3.985 -0.00033908678841577803
3.986 -0.00037299546725735584
3.987 -0.0004069041460989336
3.988 -0.0004069041460989336
3.989 -0.0004069041460989336
3.99 -0.00037299546725735584
3.991 -0.00035604112783656694
3.992 -0.0004069041460989336
3.993 -0.00037299546725735584
3.994 -0.00037299546725735584
3.995 -0.00038994980667814475
3.996 -0.00037299546725735584
3.997 -0.00038994980667814475
3.998 -0.0003221324489949892
3.999 -0.0003051781095742002
4 -0.00035604112783656694
4.001 -0.0003221324489949892
4.002 -0.0004069041460989336
4.003 -0.0003221324489949892
4.0040000000000004 -0.00037299546725735584
4.005 -0.0004069041460989336
4.006 -0.00037299546725735584
4.007 -0.0004069041460989336
4.008 -0.0004069041460989336
4.009 -0.00037299546725735584
4.01 -0.00033908678841577803
4.011 -0.00037299546725735584
4.0120000000000005 -0.00035604112783656694
4.013 -0.00038994980667814475
4.014 -0.00038994980667814475
4.015 -0.00038994980667814475
4.016 -0.00037299546725735584
4.017 -0.0004069041460989336
4.018 -0.0004069041460989336
4.019 -0.00035604112783656694
4.0200000000000005 -0.0004069041460989336
4.021 -0.00033908678841577803
4.022 -0.00037299546725735584
4.023 -0.00035604112783656694
4.024 -0.0004069041460989336
4.025 -0.0003221324489949892
4.026 -0.00038994980667814475
4.027 -0.0004069041460989336
4.0280000000000005 -0.00035604112783656694
4.029 -0.00033908678841577803
4.03 -0.00038994980667814475
4.031 -0.00042385848551972256
4.032 -0.0004069041460989336
4.033 -0.00042385848551972256
4.034 -0.00038994980667814475
4.035 -0.0003221324489949892
4.0360000000000005 -0.0003221324489949892
4.037 -0.00038994980667814475
4.038 -0.00033908678841577803
4.039 -0.00038994980667814475
4.04 -0.00033908678841577803
4.041 -0.00038994980667814475
4.042 -0.00035604112783656694
4.043 -0.00038994980667814475
4.0440000000000005 -0.00038994980667814475
4.045 -0.00037299546725735584
4.046 -0.00035604112783656694
4.047 -0.00038994980667814475
4.048 -0.00035604112783656694
4.049 -0.0003221324489949892
4.05 -0.00042385848551972256
4.051 -0.0004069041460989336
4.0520000000000005 -0.0004069041460989336
4.053 -0.0003051781095742002
4.054 -0.0003051781095742002
4.055 -0.00037299546725735584
4.056 -0.00037299546725735584
4.057 -0.00038994980667814475
4.058 -0.00035604112783656694
4.059 -0.00038994980667814475
4.0600000000000005 -0.0004069041460989336
4.061 -0.0004069041460989336
4.062 -0.0004069041460989336
4.063 -0.00037299546725735584
4.064 -0.00038994980667814475
4.065 -0.00037299546725735584
4.066 -0.00038994980667814475
4.067 -0.00037299546725735584
4.0680000000000005 -0.00038994980667814475
4.069 -0.0003221324489949892
4.07 -0.00037299546725735584
4.071 -0.00038994980667814475
4.072 -0.0004069041460989336
4.073 -0.00033908678841577803
4.074 -0.00038994980667814475
4.075 -0.0003221324489949892
4.0760000000000005 -0.0004069041460989336
4.077 -0.00033908678841577803
4.078 -0.0004069041460989336
4.079 -0.00038994980667814475
4.08 -0.00038994980667814475
4.081 -0.00038994980667814475
4.082 -0.0004069041460989336
4.083 -0.00038994980667814475
4.0840000000000005 -0.00035604112783656694
4.085 -0.00038994980667814475
4.086 -0.00035604112783656694
4.087 -0.00037299546725735584
4.088 -0.00037299546725735584
4.089 -0.0003221324489949892
4.09 -0.0004069041460989336
4.091 -0.00037299546725735584
4.0920000000000005 -0.00033908678841577803
4.093 -0.00035604112783656694
4.094 -0.00038994980667814475
4.095 -0.00037299546725735584
4.096 -0.00038994980667814475
4.097 -0.0003221324489949892
4.098 -0.0004069041460989336
4.099 -0.00038994980667814475
4.1 -0.00044081282494051147
4.101 -0.00037299546725735584
4.102 -0.0004069041460989336
4.103 -0.00037299546725735584
4.104 -0.00033908678841577803
4.105 -0.00037299546725735584
4.106 -0.00033908678841577803
4.107 -0.00037299546725735584
4.108 -0.0004069041460989336
4.109 -0.00035604112783656694
4.11 -0.00037299546725735584
4.111 -0.00033908678841577803
4.112 -0.00038994980667814475
4.113 -0.00038994980667814475
4.114 -0.0004069041460989336
4.115 -0.00035604112783656694
4.116 -0.0004069041460989336
4.117 -0.0003221324489949892
4.118 -0.00037299546725735584
4.119 -0.00038994980667814475
4.12 -0.0004069041460989336
4.121 -0.00037299546725735584
4.122 -0.0003051781095742002
4.123 -0.0004069041460989336
4.124 -0.00035604112783656694
4.125 -0.00033908678841577803
4.126 -0.00038994980667814475
4.127 -0.00037299546725735584
4.128 -0.00038994980667814475
4.1290000000000004 -0.0003221324489949892
4.13 -0.00037299546725735584
4.131 -0.00037299546725735584
4.132 -0.00037299546725735584
4.133 -0.00033908678841577803
4.134 -0.00042385848551972256
4.135 -0.00037299546725735584
4.136 -0.00035604112783656694
4.1370000000000005 -0.0003221324489949892
4.138 -0.00035604112783656694
4.139 -0.00038994980667814475
4.14 -0.00037299546725735584
4.141 -0.00037299546725735584
4.142 -0.00037299546725735584
4.143 -0.00033908678841577803
4.144 -0.00033908678841577803
4.1450000000000005 -0.00038994980667814475
4.146 -0.00035604112783656694
4.147 -0.0003051781095742002
4.148 -0.0003051781095742002
4.149 -0.0004069041460989336
4.15 -0.00035604112783656694
4.151 -0.00042385848551972256
4.152 -0.0004069041460989336
4.1530000000000005 -0.00038994980667814475
4.154 -0.00035604112783656694
4.155 -0.00033908678841577803
4.156 -0.0004069041460989336
4.157 -0.00042385848551972256
4.158 -0.00038994980667814475
4.159 -0.00038994980667814475
4.16 -0.00042385848551972256
4.1610000000000005 -0.00038994980667814475
4.162 -0.00038994980667814475
4.163 -0.00038994980667814475
4.164 -0.0004069041460989336
4.165 -0.00037299546725735584
4.166 -0.00035604112783656694
4.167 -0.00037299546725735584
4.168 -0.0003221324489949892
4.1690000000000005 -0.00035604112783656694
4.17 -0.00035604112783656694
4.171 -0.00042385848551972256
4.172 -0.00038994980667814475
4.173 -0.00033908678841577803
4.174 -0.0004069041460989336
4.175 -0.0003051781095742002
4.176 -0.0004069041460989336
4.1770000000000005 -0.0003051781095742002
4.178 -0.00035604112783656694
4.179 -0.00038994980667814475
4.18 -0.00042385848551972256
4.181 -0.00037299546725735584
4.182 -0.0004069041460989336
4.183 -0.0004069041460989336
4.184 -0.00037299546725735584
4.1850000000000005 -0.00037299546725735584
4.186 -0.00038994980667814475
4.187 -0.00035604112783656694
4.188 -0.00038994980667814475
4.189 -0.00038994980667814475
4.19 -0.00042385848551972256
4.191 -0.00035604112783656694
4.192 -0.00033908678841577803
4.1930000000000005 -0.00037299546725735584
4.194 -0.00033908678841577803
4.195 -0.00037299546725735584
4.196 -0.0004577671643613003
4.197 -0.0003221324489949892
4.198 -0.0004069041460989336
4.199 -0.00037299546725735584
4.2 -0.00038994980667814475
4.2010000000000005 -0.00033908678841577803
4.202 -0.00037299546725735584
4.203 -0.0004069041460989336
4.204 -0.00037299546725735584
4.205 -0.00035604112783656694
4.206 -0.00035604112783656694
4.207 -0.00038994980667814475
4.208 -0.00037299546725735584
4.2090000000000005 -0.0004069041460989336
4.21 -0.00033908678841577803
4.211 -0.00033908678841577803
4.212 -0.00042385848551972256
4.213 -0.00035604112783656694
4.214 -0.00035604112783656694
4.215 -0.00037299546725735584
4.216 -0.00042385848551972256
4.2170000000000005 -0.00038994980667814475
4.218 -0.00037299546725735584
4.219 -0.00033908678841577803
4.22 -0.00037299546725735584
4.221 -0.00042385848551972256
4.222 -0.00037299546725735584
4.223 -0.00038994980667814475
4.224 -0.0004069041460989336
4.225 -0.00028822377015341136
4.226 -0.00042385848551972256
4.227 -0.00042385848551972256
4.228 -0.00033908678841577803
4.229 -0.0004069041460989336
4.23 -0.00035604112783656694
4.231 -0.00038994980667814475
4.232 -0.00042385848551972256
4.233 -0.00035604112783656694
4.234 -0.00038994980667814475
4.235 -0.0004577671643613003
4.236 -0.00038994980667814475
4.237 -0.0004069041460989336
4.238 -0.0003051781095742002
4.239 -0.00038994980667814475
4.24 -0.0003051781095742002
4.241 -0.0004069041460989336
4.242 -0.00042385848551972256
4.243 -0.00037299546725735584
4.244 -0.00033908678841577803
4.245 -0.0003221324489949892
4.246 -0.00038994980667814475
4.247 -0.00037299546725735584
4.248 -0.00035604112783656694
4.249 -0.0003051781095742002
4.25 -0.0003221324489949892
4.251 -0.00035604112783656694
4.252 -0.00038994980667814475
4.253 -0.00038994980667814475
4.2540000000000004 -0.00037299546725735584
4.255 -0.0003221324489949892
4.256 -0.00044081282494051147
4.257 -0.00033908678841577803
4.258 -0.0004069041460989336
4.259 -0.00042385848551972256
4.26 -0.00035604112783656694
4.261 -0.00038994980667814475
4.2620000000000005 -0.00038994980667814475
4.263 -0.00038994980667814475
4.264 -0.00038994980667814475
4.265 -0.00037299546725735584
4.266 -0.00044081282494051147
4.267 -0.00038994980667814475
4.268 -0.00044081282494051147
4.269 -0.00037299546725735584
4.2700000000000005 -0.00042385848551972256
4.271 -0.00037299546725735584
4.272 -0.00042385848551972256
4.273 -0.0004069041460989336
4.274 -0.00037299546725735584
4.275 -0.00037299546725735584
4.276 -0.0003221324489949892
4.277 -0.00033908678841577803
4.2780000000000005 -0.00035604112783656694
4.279 -0.00042385848551972256
4.28 -0.00037299546725735584
4.281 -0.00038994980667814475
4.282 -0.00038994980667814475
4.283 -0.00038994980667814475
4.284 -0.0004069041460989336
4.285 -0.00037299546725735584
4.2860000000000005 -0.00042385848551972256
4.287 -0.00037299546725735584
4.288 -0.0004069041460989336
4.289 -0.00037299546725735584
4.29 -0.0004577671643613003
4.291 -0.00035604112783656694
4.292 -0.00037299546725735584
4.293 -0.00037299546725735584
4.2940000000000005 -0.00033908678841577803
4.295 -0.0004069041460989336
4.296 -0.00038994980667814475
4.297 -0.00038994980667814475
4.298 -0.00033908678841577803
4.299 -0.00035604112783656694
4.3 -0.00037299546725735584
4.301 -0.0004069041460989336
4.3020000000000005 -0.0004069041460989336
4.303 -0.0004069041460989336
4.304 -0.00035604112783656694
4.305 -0.00037299546725735584
4.306 -0.00033908678841577803
4.307 -0.00038994980667814475
4.308 -0.00037299546725735584
4.309 -0.00035604112783656694
4.3100000000000005 -0.00038994980667814475
4.311 -0.0004069041460989336
4.312 -0.00038994980667814475
4.313 -0.00037299546725735584
4.314 -0.00037299546725735584
4.315 -0.00033908678841577803
4.316 -0.0004069041460989336
4.317 -0.0004069041460989336
4.3180000000000005 -0.00035604112783656694
4.319 -0.0004069041460989336
4.32 -0.00037299546725735584
4.321 -0.00033908678841577803
4.322 -0.00042385848551972256
4.323 -0.00035604112783656694
4.324 -0.00028822377015341136
4.325 -0.00042385848551972256
4.3260000000000005 -0.00035604112783656694
4.327 -0.00038994980667814475
4.328 -0.0004069041460989336
4.329 -0.0003221324489949892
4.33 -0.00044081282494051147
4.331 -0.00035604112783656694
4.332 -0.00038994980667814475
4.333 -0.00038994980667814475
4.3340000000000005 -0.00035604112783656694
4.335 -0.00037299546725735584
4.336 -0.00037299546725735584
4.337 -0.0004069041460989336
4.338 -0.00038994980667814475
4.339 -0.00035604112783656694
4.34 -0.0004069041460989336
4.341 -0.0004069041460989336
4.3420000000000005 -0.00035604112783656694
4.343 -0.0004069041460989336
4.344 -0.00038994980667814475
4.345 -0.00037299546725735584
4.346 -0.00033908678841577803
4.347 -0.0004069041460989336
4.348 -0.00038994980667814475
4.349 -0.00038994980667814475
4.3500000000000005 -0.0004069041460989336
4.351 -0.00037299546725735584
4.352 -0.0004069041460989336
4.353 -0.00037299546725735584
4.354 -0.00037299546725735584
4.355 -0.0003051781095742002
4.356 -0.00033908678841577803
4.357 -0.00038994980667814475
4.358 -0.00037299546725735584
4.359 -0.00038994980667814475
4.36 -0.00037299546725735584
4.361 -0.00038994980667814475
4.362 -0.00035604112783656694
4.363 -0.0003221324489949892
4.364 -0.00037299546725735584
4.365 -0.00033908678841577803
4.366 -0.00037299546725735584
4.367 -0.0004069041460989336
4.368 -0.00035604112783656694
4.369 -0.00038994980667814475
4.37 -0.00035604112783656694
4.371 -0.00042385848551972256
4.372 -0.00035604112783656694
4.373 -0.00042385848551972256
4.374 -0.00042385848551972256
4.375 -0.0004069041460989336
4.376 -0.0004069041460989336
4.377 -0.00042385848551972256
4.378 -0.00035604112783656694
4.3790000000000004 -0.00033908678841577803
4.38 -0.00033908678841577803
4.381 -0.00035604112783656694
4.382 -0.00035604112783656694
4.383 -0.00035604112783656694
4.384 -0.00038994980667814475
4.385 -0.00037299546725735584
4.386 -0.00035604112783656694
4.3870000000000005 -0.0004069041460989336
4.388 -0.00033908678841577803
4.389 -0.00033908678841577803
4.39 -0.00044081282494051147
4.391 -0.0004069041460989336
4.392 -0.00038994980667814475
4.393 -0.00038994980667814475
4.394 -0.0004069041460989336
4.3950000000000005 -0.00038994980667814475
4.396 -0.00037299546725735584
4.397 -0.00038994980667814475
4.398 -0.00037299546725735584
4.399 -0.00038994980667814475
4.4 -0.0004069041460989336
4.401 -0.00037299546725735584
4.402 -0.00035604112783656694
4.4030000000000005 -0.00038994980667814475
4.404 -0.00035604112783656694
4.405 -0.00035604112783656694
4.406 -0.00037299546725735584
4.407 -0.00035604112783656694
4.408 -0.00038994980667814475
4.409 -0.00033908678841577803
4.41 -0.00033908678841577803
4.4110000000000005 -0.00044081282494051147
4.412 -0.0004069041460989336
4.413 -0.0004069041460989336
4.414 -0.00038994980667814475
4.415 -0.00037299546725735584
4.416 -0.0004069041460989336
4.417 -0.00038994980667814475
4.418 -0.0004069041460989336
4.4190000000000005 -0.0004069041460989336
4.42 -0.00038994980667814475
4.421 -0.00035604112783656694
4.422 -0.00037299546725735584
4.423 -0.00038994980667814475
4.424 -0.00038994980667814475
4.425 -0.0004069041460989336
4.426 -0.00042385848551972256
4.4270000000000005 -0.00038994980667814475
4.428 -0.00035604112783656694
4.429 -0.00033908678841577803
4.43 -0.00037299546725735584
4.431 -0.00035604112783656694
4.432 -0.00033908678841577803
4.433 -0.0004069041460989336
4.434 -0.00033908678841577803
4.4350000000000005 -0.00037299546725735584
4.436 -0.00035604112783656694
4.437 -0.0003221324489949892
4.438 -0.00033908678841577803
4.439 -0.00037299546725735584
4.44 -0.0004069041460989336
4.441 -0.00038994980667814475
4.442 -0.00035604112783656694
4.4430000000000005 -0.0004069041460989336
4.444 -0.00038994980667814475
4.445 -0.00037299546725735584
4.446 -0.00042385848551972256
4.447 -0.0003051781095742002
4.448 -0.0003221324489949892
4.449 -0.00042385848551972256
4.45 -0.00038994980667814475
4.4510000000000005 -0.00033908678841577803
4.452 -0.00037299546725735584
4.453 -0.0003221324489949892
4.454 -0.00037299546725735584
4.455 -0.00037299546725735584
4.456 -0.00033908678841577803
4.457 -0.00042385848551972256
4.458 -0.00037299546725735584
4.4590000000000005 -0.00033908678841577803
4.46 -0.00037299546725735584
4.461 -0.00035604112783656694
4.462 -0.00038994980667814475
4.463 -0.00038994980667814475
4.464 -0.0003051781095742002
4.465 -0.00035604112783656694
4.466 -0.00037299546725735584
4.4670000000000005 -0.00037299546725735584
4.468 -0.0004069041460989336
4.469 -0.00033908678841577803
4.47 -0.00037299546725735584
4.471 -0.00035604112783656694
4.472 -0.00038994980667814475
4.473 -0.00037299546725735584
4.474 -0.00037299546725735584
4.4750000000000005 -0.00038994980667814475
4.476 -0.00033908678841577803
4.477 -0.00042385848551972256
4.478 -0.00042385848551972256
4.479 -0.00037299546725735584
4.48 -0.00035604112783656694
4.481 -0.0004069041460989336
4.482 -0.00033908678841577803
4.483 -0.00038994980667814475
4.484 -0.0003051781095742002
4.485 -0.00035604112783656694
4.486 -0.00042385848551972256
4.487 -0.00037299546725735584
4.488 -0.00035604112783656694
4.489 -0.00035604112783656694
4.49 -0.00035604112783656694
4.491 -0.00033908678841577803
4.492 -0.0003221324489949892
4.493 -0.0004069041460989336
4.494 -0.0003051781095742002
4.495 -0.00035604112783656694
4.496 -0.00042385848551972256
4.497 -0.00037299546725735584
4.498 -0.00035604112783656694
4.499 -0.00038994980667814475
4.5 -0.00037299546725735584
4.501 -0.00035604112783656694
4.502 -0.00038994980667814475
4.503 -0.00038994980667814475
4.5040000000000004 -0.00038994980667814475
4.505 -0.00038994980667814475
4.506 -0.00038994980667814475
4.507 -0.00042385848551972256
4.508 -0.00042385848551972256
4.509 -0.00037299546725735584
4.51 -0.00033908678841577803
4.511 -0.00042385848551972256
4.5120000000000005 -0.0004069041460989336
4.513 -0.00035604112783656694
4.514 -0.00037299546725735584
4.515 -0.00035604112783656694
4.516 -0.0003051781095742002
4.517 -0.00037299546725735584
4.518 -0.00037299546725735584
4.519 -0.00038994980667814475
4.5200000000000005 -0.00038994980667814475
4.521 -0.0004069041460989336
4.522 -0.00038994980667814475
4.523 -0.00035604112783656694
4.524 -0.00035604112783656694
4.525 -0.0004069041460989336
4.526 -0.00037299546725735584
4.527 -0.0004069041460989336
4.5280000000000005 -0.00035604112783656694
4.529 -0.00038994980667814475
4.53 -0.0003051781095742002
4.531 -0.00037299546725735584
4.532 -0.00042385848551972256
4.533 -0.0004069041460989336
4.534 -0.00038994980667814475
4.535 -0.00037299546725735584
4.5360000000000005 -0.00037299546725735584
4.537 -0.0004069041460989336
4.538 -0.00033908678841577803
4.539 -0.0004069041460989336
4.54 -0.0004069041460989336
4.541 -0.00038994980667814475
4.542 -0.00035604112783656694
4.543 -0.00035604112783656694
4.5440000000000005 -0.00033908678841577803
4.545 -0.0004069041460989336
4.546 -0.00038994980667814475
4.547 -0.0004069041460989336
4.548 -0.00037299546725735584
4.549 -0.00038994980667814475
4.55 -0.0003221324489949892
4.551 -0.0003221324489949892
4.5520000000000005 -0.00038994980667814475
4.553 -0.00038994980667814475
4.554 -0.0004069041460989336
4.555 -0.00035604112783656694
4.556 -0.00042385848551972256
4.557 -0.00038994980667814475
4.558 -0.00038994980667814475
4.559 -0.00037299546725735584
4.5600000000000005 -0.00042385848551972256
4.561 -0.00037299546725735584
4.562 -0.00033908678841577803
4.563 -0.00033908678841577803
4.564 -0.0004069041460989336
4.565 -0.00037299546725735584
4.566 -0.0004069041460989336
4.567 -0.00033908678841577803
4.5680000000000005 -0.0003221324489949892
4.569 -0.0004069041460989336
4.57 -0.00033908678841577803
4.571 -0.00035604112783656694
4.572 -0.00037299546725735584
4.573 -0.00037299546725735584
4.574 -0.00035604112783656694
4.575 -0.00037299546725735584
4.5760000000000005 -0.00038994980667814475
4.577 -0.00037299546725735584
4.578 -0.00042385848551972256
4.579 -0.00035604112783656694
4.58 -0.00038994980667814475
4.581 -0.0003221324489949892
4.582 -0.0003221324489949892
4.583 -0.00042385848551972256
4.5840000000000005 -0.00035604112783656694
4.585 -0.00037299546725735584
4.586 -0.00042385848551972256
4.587 -0.00037299546725735584
4.588 -0.00038994980667814475
4.589 -0.0004069041460989336
4.59 -0.00037299546725735584
4.591 -0.0004069041460989336
4.5920000000000005 -0.0004069041460989336
4.593 -0.0003051781095742002
4.594 -0.0004069041460989336
4.595 -0.00037299546725735584
4.596 -0.0004069041460989336
4.597 -0.00037299546725735584
4.598 -0.00042385848551972256
4.599 -0.00033908678841577803
4.6000000000000005 -0.00033908678841577803
4.601 -0.00038994980667814475
4.602 -0.00042385848551972256
4.603 -0.00037299546725735584
4.604 -0.00033908678841577803
4.605 -0.0004069041460989336
4.606 -0.00042385848551972256
4.607 -0.00037299546725735584
4.6080000000000005 -0.00035604112783656694
4.609 -0.0003051781095742002
4.61 -0.00037299546725735584
4.611 -0.0004069041460989336
4.612 -0.00037299546725735584
4.613 -0.00037299546725735584
4.614 -0.0003221324489949892
4.615 -0.00038994980667814475
4.616 -0.00042385848551972256
4.617 -0.00035604112783656694
4.618 -0.00035604112783656694
4.619 -0.0004577671643613003
4.62 -0.00038994980667814475
4.621 -0.00035604112783656694
4.622 -0.00037299546725735584
4.623 -0.0003221324489949892
4.624 -0.00035604112783656694
4.625 -0.0004069041460989336
4.626 -0.00037299546725735584
4.627 -0.00037299546725735584
4.628 -0.0003221324489949892
4.6290000000000004 -0.00037299546725735584
4.63 -0.00035604112783656694
4.631 -0.00035604112783656694
4.632 -0.00038994980667814475
4.633 -0.00033908678841577803
4.634 -0.00035604112783656694
4.635 -0.00033908678841577803
4.636 -0.00033908678841577803
4.6370000000000005 -0.00035604112783656694
4.638 -0.00038994980667814475
4.639 -0.0004069041460989336
4.64 -0.00033908678841577803
4.641 -0.00033908678841577803
4.642 -0.00037299546725735584
4.643 -0.00033908678841577803
4.644 -0.00033908678841577803
4.6450000000000005 -0.00038994980667814475
4.646 -0.00042385848551972256
4.647 -0.00038994980667814475
4.648 -0.00037299546725735584
4.649 -0.00037299546725735584
4.65 -0.00033908678841577803
4.651 -0.00035604112783656694
4.652 -0.00038994980667814475
4.6530000000000005 -0.00042385848551972256
4.654 -0.00038994980667814475
4.655 -0.0004069041460989336
4.656 -0.00037299546725735584
4.657 -0.00035604112783656694
4.658 -0.0004069041460989336
4.659 -0.00038994980667814475
4.66 -0.00038994980667814475
4.6610000000000005 -0.00033908678841577803
4.662 -0.0004069041460989336
4.663 -0.0004069041460989336
4.664 -0.00037299546725735584
4.665 -0.00038994980667814475
4.666 -0.00037299546725735584
4.667 -0.00038994980667814475
4.668 -0.00038994980667814475
4.6690000000000005 -0.0003051781095742002
4.67 -0.00037299546725735584
4.671 -0.00042385848551972256
4.672 -0.00044081282494051147
4.673 -0.00038994980667814475
4.674 -0.00038994980667814475
4.675 -0.00037299546725735584
4.676 -0.00044081282494051147
4.6770000000000005 -0.00038994980667814475
4.678 -0.00035604112783656694
4.679 -0.00038994980667814475
4.68 -0.0004069041460989336
4.681 -0.00038994980667814475
4.682 -0.00035604112783656694
4.683 -0.0004069041460989336
4.684 -0.00038994980667814475
4.6850000000000005 -0.00038994980667814475
4.686 -0.00037299546725735584
4.687 -0.00038994980667814475
4.688 -0.00037299546725735584
4.689 -0.00042385848551972256
4.69 -0.00038994980667814475
4.691 -0.00038994980667814475
4.692 -0.00035604112783656694
4.6930000000000005 -0.0004069041460989336
4.694 -0.00035604112783656694
4.695 -0.0004069041460989336
4.696 -0.00042385848551972256
4.697 -0.00035604112783656694
4.698 -0.00035604112783656694
4.699 -0.00044081282494051147
4.7 -0.00038994980667814475
4.7010000000000005 -0.00037299546725735584
4.702 -0.00037299546725735584
4.703 -0.00033908678841577803
4.704 -0.0003051781095742002
4.705 -0.00037299546725735584
4.706 -0.00038994980667814475
4.707 -0.00038994980667814475
4.708 -0.00035604112783656694
4.7090000000000005 -0.0004069041460989336
4.71 -0.00044081282494051147
4.711 -0.00035604112783656694
4.712 -0.00035604112783656694
4.713 -0.00033908678841577803
4.714 -0.00038994980667814475
4.715 -0.00037299546725735584
4.716 -0.00037299546725735584
4.7170000000000005 -0.00028822377015341136
4.718 -0.00044081282494051147
4.719 -0.00035604112783656694
4.72 -0.00035604112783656694
4.721 -0.00038994980667814475
4.722 -0.00038994980667814475
4.723 -0.00033908678841577803
4.724 -0.0004069041460989336
4.7250000000000005 -0.0004069041460989336
4.726 -0.00038994980667814475
4.727 -0.00038994980667814475
4.728 -0.00038994980667814475
4.729 -0.00038994980667814475
4.73 -0.00037299546725735584
4.731 -0.00033908678841577803
4.732 -0.00037299546725735584
4.7330000000000005 -0.00035604112783656694
4.734 -0.0004069041460989336
4.735 -0.00038994980667814475
4.736 -0.0004069041460989336
4.737 -0.00035604112783656694
4.738 -0.00037299546725735584
4.739 -0.00038994980667814475
4.74 -0.0003051781095742002
4.741 -0.0004069041460989336
4.742 -0.00035604112783656694
4.743 -0.00033908678841577803
4.744 -0.0003221324489949892
4.745 -0.00037299546725735584
4.746 -0.0004069041460989336
4.747 -0.00038994980667814475
4.748 -0.00038994980667814475
4.749 -0.00038994980667814475
4.75 -0.00033908678841577803
4.751 -0.0004069041460989336
4.752 -0.00037299546725735584
4.753 -0.00038994980667814475
4.7540000000000004 -0.0003221324489949892
4.755 -0.00038994980667814475
4.756 -0.00038994980667814475
4.757 -0.0004069041460989336
4.758 -0.00038994980667814475
4.759 -0.00038994980667814475
4.76 -0.00042385848551972256
4.761 -0.0004069041460989336
4.7620000000000005 -0.00038994980667814475
4.763 -0.0004069041460989336
4.764 -0.00038994980667814475
4.765 -0.0003221324489949892
4.766 -0.00038994980667814475
4.767 -0.00038994980667814475
4.768 -0.00035604112783656694
4.769 -0.00038994980667814475
4.7700000000000005 -0.00033908678841577803
4.771 -0.0003221324489949892
4.772 -0.00037299546725735584
4.773 -0.00038994980667814475
4.774 -0.0004069041460989336
4.775 -0.00042385848551972256
4.776 -0.00037299546725735584
4.777 -0.00044081282494051147
4.7780000000000005 -0.0004069041460989336
4.779 -0.0004577671643613003
4.78 -0.00042385848551972256
4.781 -0.00033908678841577803
4.782 -0.0004069041460989336
4.783 -0.00044081282494051147
4.784 -0.00042385848551972256
4.785 -0.00038994980667814475
4.7860000000000005 -0.0004069041460989336
4.787 -0.00037299546725735584
4.788 -0.00037299546725735584
4.789 -0.0003221324489949892
4.79 -0.00037299546725735584
4.791 -0.00038994980667814475
4.792 -0.00037299546725735584
4.793 -0.00033908678841577803
4.7940000000000005 -0.0003221324489949892
4.795 -0.00035604112783656694
4.796 -0.00038994980667814475
4.797 -0.0004069041460989336
4.798 -0.00038994980667814475
4.799 -0.00042385848551972256
4.8 -0.00037299546725735584
4.801 -0.00035604112783656694
4.8020000000000005 -0.00037299546725735584
4.803 -0.00038994980667814475
4.804 -0.00037299546725735584
4.805 -0.00038994980667814475
4.806 -0.00042385848551972256
4.807 -0.0004069041460989336
4.808 -0.00033908678841577803
4.809 -0.00037299546725735584
4.8100000000000005 -0.00035604112783656694
4.811 -0.00038994980667814475
4.812 -0.0003221324489949892
4.813 -0.0004069041460989336
4.814 -0.00035604112783656694
4.815 -0.00033908678841577803
4.816 -0.00033908678841577803
4.817 -0.00037299546725735584
4.8180000000000005 -0.00037299546725735584
4.819 -0.00035604112783656694
4.82 -0.00035604112783656694
4.821 -0.00035604112783656694
4.822 -0.00037299546725735584
4.823 -0.00033908678841577803
4.824 -0.00035604112783656694
4.825 -0.0004069041460989336
4.8260000000000005 -0.0004069041460989336
4.827 -0.00037299546725735584
4.828 -0.00038994980667814475
4.829 -0.00038994980667814475
4.83 -0.0004069041460989336
4.831 -0.00042385848551972256
4.832 -0.00038994980667814475
4.833 -0.00038994980667814475
4.8340000000000005 -0.00038994980667814475
4.835 -0.00037299546725735584
4.836 -0.00037299546725735584
4.837 -0.00035604112783656694
4.838 -0.00038994980667814475
4.839 -0.00037299546725735584
4.84 -0.00037299546725735584
4.841 -0.00035604112783656694
4.8420000000000005 -0.00044081282494051147
4.843 -0.0004577671643613003
4.844 -0.00038994980667814475
4.845 -0.00033908678841577803
4.846 -0.00042385848551972256
4.847 -0.00037299546725735584
4.848 -0.00037299546725735584
4.849 -0.00042385848551972256
4.8500000000000005 -0.00037299546725735584
4.851 -0.00037299546725735584
4.852 -0.0004069041460989336
4.853 -0.0004069041460989336
4.854 -0.0004069041460989336
4.855 -0.00037299546725735584
4.856 -0.00035604112783656694
4.857 -0.00038994980667814475
4.8580000000000005 -0.00035604112783656694
4.859 -0.00035604112783656694
4.86 -0.00042385848551972256
4.861 -0.00037299546725735584
4.862 -0.00037299546725735584
4.863 -0.00035604112783656694
4.864 -0.00038994980667814475
4.865 -0.00038994980667814475
4.866 -0.00037299546725735584
4.867 -0.00042385848551972256
4.868 -0.00037299546725735584
4.869 -0.00035604112783656694
4.87 -0.00038994980667814475
4.871 -0.00042385848551972256
4.872 -0.00038994980667814475
4.873 -0.00042385848551972256
4.874 -0.00037299546725735584
4.875 -0.00035604112783656694
4.876 -0.00038994980667814475
4.877 -0.00035604112783656694
4.878 -0.00038994980667814475
4.8790000000000004 -0.0004069041460989336
4.88 -0.00033908678841577803
4.881 -0.00038994980667814475
4.882 -0.0004069041460989336
4.883 -0.00037299546725735584
4.884 -0.00035604112783656694
4.885 -0.0004069041460989336
4.886 -0.00035604112783656694
4.8870000000000005 -0.00033908678841577803
4.888 -0.00035604112783656694
4.889 -0.0003221324489949892
4.89 -0.00037299546725735584
4.891 -0.00035604112783656694
4.892 -0.00038994980667814475
4.893 -0.0004069041460989336
4.894 -0.0004069041460989336
4.8950000000000005 -0.00035604112783656694
4.896 -0.00035604112783656694
4.897 -0.00042385848551972256
4.898 -0.00038994980667814475
4.899 -0.00033908678841577803
4.9 -0.00038994980667814475
4.901 -0.00044081282494051147
4.902 -0.00037299546725735584
4.9030000000000005 -0.00042385848551972256
4.904 -0.00037299546725735584
4.905 -0.0004069041460989336
4.906 -0.00038994980667814475
4.907 -0.00033908678841577803
4.908 -0.00035604112783656694
4.909 -0.00037299546725735584
4.91 -0.00038994980667814475
4.9110000000000005 -0.00038994980667814475
4.912 -0.00033908678841577803
4.913 -0.00037299546725735584
4.914 -0.00042385848551972256
4.915 -0.00038994980667814475
4.916 -0.0004069041460989336
4.917 -0.00033908678841577803
4.918 -0.00033908678841577803
4.9190000000000005 -0.0004069041460989336
4.92 -0.00038994980667814475
4.921 -0.00037299546725735584
4.922 -0.00037299546725735584
4.923 -0.00038994980667814475
4.924 -0.00037299546725735584
4.925 -0.00035604112783656694
4.926 -0.00037299546725735584
4.9270000000000005 -0.00038994980667814475
4.928 -0.00037299546725735584
4.929 -0.0004069041460989336
4.93 -0.00038994980667814475
4.931 -0.00038994980667814475
4.932 -0.00037299546725735584
4.933 -0.0004069041460989336
4.934 -0.00035604112783656694
4.9350000000000005 -0.00033908678841577803
4.936 -0.0004069041460989336
4.937 -0.00037299546725735584
4.938 -0.0004069041460989336
4.939 -0.00042385848551972256
4.94 -0.00037299546725735584
4.941 -0.00037299546725735584
4.942 -0.0004069041460989336
4.9430000000000005 -0.00038994980667814475
4.944 -0.00035604112783656694
4.945 -0.00042385848551972256
4.946 -0.0003221324489949892
4.947 -0.0003051781095742002
4.948 -0.00035604112783656694
4.949 -0.00038994980667814475
4.95 -0.00042385848551972256
4.9510000000000005 -0.00038994980667814475
4.952 -0.00038994980667814475
4.953 -0.00037299546725735584
4.954 -0.00035604112783656694
4.955 -0.00033908678841577803
4.956 -0.00038994980667814475
4.957 -0.0004069041460989336
4.958 -0.0004069041460989336
4.9590000000000005 -0.00037299546725735584
4.96 -0.0003221324489949892
4.961 -0.0004577671643613003
4.962 -0.0004069041460989336
4.963 -0.00044081282494051147
4.964 -0.00042385848551972256
4.965 -0.0003221324489949892
4.966 -0.00037299546725735584
4.9670000000000005 -0.0004069041460989336
4.968 -0.00042385848551972256
4.969 -0.0004069041460989336
4.97 -0.0004069041460989336
4.971 -0.00042385848551972256
4.972 -0.00044081282494051147
4.973 -0.0004069041460989336
4.974 -0.00035604112783656694
4.9750000000000005 -0.0003051781095742002
4.976 -0.00035604112783656694
4.977 -0.00035604112783656694
4.978 -0.00038994980667814475
4.979 -0.00037299546725735584
4.98 -0.00037299546725735584
4.981 -0.0004069041460989336
4.982 -0.0004069041460989336
4.9830000000000005 -0.00037299546725735584
4.984 -0.00042385848551972256
4.985 -0.00035604112783656694
4.986 -0.00038994980667814475
4.987 -0.00038994980667814475
4.988 -0.00038994980667814475
4.989 -0.00037299546725735584
4.99 -0.00035604112783656694
4.9910000000000005 -0.0004069041460989336
4.992 -0.0003221324489949892
4.993 -0.00038994980667814475
4.994 -0.00037299546725735584
4.995 -0.00038994980667814475
4.996 -0.00044081282494051147
4.997 -0.00038994980667814475
4.998 -0.00035604112783656694
4.999 -0.00033908678841577803
5 -0.00038994980667814475
5.001 -0.00035604112783656694
5.002 -0.00037299546725735584
5.003 -0.00038994980667814475
5.0040000000000004 -0.0003221324489949892
5.005 -0.00038994980667814475
5.006 -0.0003221324489949892
5.007 -0.00042385848551972256
5.008 -0.00035604112783656694
5.009 -0.00038994980667814475
5.01 -0.0004069041460989336
5.011 -0.00042385848551972256
5.0120000000000005 -0.0004069041460989336
5.013 -0.00042385848551972256
5.014 -0.00042385848551972256
5.015 -0.0004069041460989336
5.016 -0.0004069041460989336
5.017 -0.00038994980667814475
5.018 -0.0004069041460989336
5.019 -0.00038994980667814475
5.0200000000000005 -0.00035604112783656694
5.021 -0.00037299546725735584
5.022 -0.00038994980667814475
5.023 -0.00038994980667814475
5.024 -0.00035604112783656694
5.025 -0.00044081282494051147
5.026 -0.00037299546725735584
5.027 -0.00037299546725735584
5.0280000000000005 -0.00037299546725735584
5.029 -0.0004069041460989336
5.03 -0.00037299546725735584
5.031 -0.00037299546725735584
5.032 -0.00037299546725735584
5.033 -0.00038994980667814475
5.034 -0.00037299546725735584
5.035 -0.00037299546725735584
5.0360000000000005 -0.00035604112783656694
5.037 -0.00035604112783656694
5.038 -0.00035604112783656694
5.039 -0.00038994980667814475
5.04 -0.00037299546725735584
5.041 -0.0004069041460989336
5.042 -0.0004069041460989336
5.043 -0.00038994980667814475
5.0440000000000005 -0.0004069041460989336
5.045 -0.0003051781095742002
5.046 -0.00037299546725735584
5.047 -0.00035604112783656694
5.048 -0.00037299546725735584
5.049 -0.0004069041460989336
5.05 -0.00042385848551972256
5.051 -0.00035604112783656694
5.0520000000000005 -0.0004069041460989336
5.053 -0.00035604112783656694
5.054 -0.00038994980667814475
5.055 -0.00038994980667814475
5.056 -0.00044081282494051147
5.057 -0.00038994980667814475
5.058 -0.00037299546725735584
5.059 -0.00037299546725735584
5.0600000000000005 -0.00038994980667814475
5.061 -0.00037299546725735584
5.062 -0.00037299546725735584
5.063 -0.00038994980667814475
5.064 -0.00038994980667814475
5.065 -0.00038994980667814475
5.066 -0.0004069041460989336
5.067 -0.00044081282494051147
5.0680000000000005 -0.0004069041460989336
5.069 -0.0004069041460989336
5.07 -0.0004069041460989336
5.071 -0.00042385848551972256
5.072 -0.00037299546725735584
5.073 -0.00033908678841577803
5.074 -0.00035604112783656694
5.075 -0.00037299546725735584
5.0760000000000005 -0.00038994980667814475
5.077 -0.00042385848551972256
5.078 -0.00037299546725735584
5.079 -0.00033908678841577803
5.08 -0.0004069041460989336
5.081 -0.00035604112783656694
5.082 -0.00035604112783656694
5.083 -0.00037299546725735584
5.0840000000000005 -0.00035604112783656694
5.085 -0.0004577671643613003
5.086 -0.00035604112783656694
5.087 -0.00033908678841577803
5.088 -0.0004069041460989336
5.089 -0.00044081282494051147
5.09 -0.00035604112783656694
5.091 -0.00035604112783656694
5.0920000000000005 -0.00038994980667814475
5.093 -0.0004069041460989336
5.094 -0.00042385848551972256
5.095 -0.0003051781095742002
5.096 -0.0004069041460989336
5.097 -0.0003221324489949892
5.098 -0.00037299546725735584
5.099 -0.00038994980667814475
5.1000000000000005 -0.00037299546725735584
5.101 -0.0004069041460989336
5.102 -0.00044081282494051147
5.103 -0.0004069041460989336
5.104 -0.00035604112783656694
5.105 -0.00037299546725735584
5.106 -0.00037299546725735584
5.107 -0.0004069041460989336
5.1080000000000005 -0.00033908678841577803
5.109 -0.00037299546725735584
5.11 -0.00035604112783656694
5.111 -0.00033908678841577803
5.112 -0.00038994980667814475
5.113 -0.0004069041460989336
5.114 -0.00044081282494051147
5.115 -0.00038994980667814475
5.1160000000000005 -0.00037299546725735584
5.117 -0.00035604112783656694
5.118 -0.0004069041460989336
5.119 -0.00035604112783656694
5.12 -0.00037299546725735584
5.121 -0.00038994980667814475
5.122 -0.00035604112783656694
5.123 -0.00038994980667814475
5.124 -0.0004069041460989336
5.125 -0.00038994980667814475
5.126 -0.00033908678841577803
5.127 -0.0004069041460989336
5.128 -0.00035604112783656694
5.1290000000000004 -0.00033908678841577803
5.13 -0.00042385848551972256
5.131 -0.00035604112783656694
5.132 -0.00033908678841577803
5.133 -0.0004069041460989336
5.134 -0.00033908678841577803
5.135 -0.00038994980667814475
5.136 -0.0004069041460989336
5.1370000000000005 -0.00038994980667814475
5.138 -0.00038994980667814475
5.139 -0.00044081282494051147
5.14 -0.0004069041460989336
5.141 -0.00037299546725735584
5.142 -0.0004577671643613003
5.143 -0.00042385848551972256
5.144 -0.00038994980667814475
5.1450000000000005 -0.00035604112783656694
5.146 -0.00037299546725735584
5.147 -0.0004069041460989336
5.148 -0.00035604112783656694
5.149 -0.0004069041460989336
5.15 -0.00035604112783656694
5.151 -0.0004069041460989336
5.152 -0.0004069041460989336
5.1530000000000005 -0.00035604112783656694
5.154 -0.00038994980667814475
5.155 -0.00035604112783656694
5.156 -0.00035604112783656694
5.157 -0.00037299546725735584
5.158 -0.00042385848551972256
5.159 -0.00038994980667814475
5.16 -0.00038994980667814475
5.1610000000000005 -0.00038994980667814475
5.162 -0.00037299546725735584
5.163 -0.00035604112783656694
5.164 -0.00033908678841577803
5.165 -0.00038994980667814475
5.166 -0.00037299546725735584
5.167 -0.00037299546725735584
5.168 -0.0003221324489949892
5.1690000000000005 -0.00038994980667814475
5.17 -0.00044081282494051147
5.171 -0.00035604112783656694
5.172 -0.00038994980667814475
5.173 -0.00033908678841577803
5.174 -0.00038994980667814475
5.175 -0.00037299546725735584
5.176 -0.00035604112783656694
5.1770000000000005 -0.00047472150378208923
5.178 -0.0004069041460989336
5.179 -0.00037299546725735584
5.18 -0.00038994980667814475
5.181 -0.00042385848551972256
5.182 -0.00037299546725735584
5.183 -0.00042385848551972256
5.184 -0.00038994980667814475
5.1850000000000005 -0.00037299546725735584
5.186 -0.0004069041460989336
5.187 -0.00042385848551972256
5.188 -0.00038994980667814475
5.189 -0.00038994980667814475
5.19 -0.00033908678841577803
5.191 -0.00037299546725735584
5.192 -0.0004069041460989336
5.1930000000000005 -0.00042385848551972256
5.194 -0.00038994980667814475
5.195 -0.00037299546725735584
5.196 -0.00035604112783656694
5.197 -0.00035604112783656694
5.198 -0.00037299546725735584
5.199 -0.00038994980667814475
5.2 -0.00035604112783656694
5.2010000000000005 -0.00037299546725735584
5.202 -0.00035604112783656694
5.203 -0.00042385848551972256
5.204 -0.0003221324489949892
5.205 -0.00038994980667814475
5.206 -0.00037299546725735584
5.207 -0.00035604112783656694
5.208 -0.00038994980667814475
5.2090000000000005 -0.00037299546725735584
5.21 -0.00033908678841577803
5.211 -0.00042385848551972256
5.212 -0.0003051781095742002
5.213 -0.00037299546725735584
5.214 -0.00033908678841577803
5.215 -0.0004577671643613003
5.216 -0.00038994980667814475
5.2170000000000005 -0.00037299546725735584
5.218 -0.0003051781095742002
5.219 -0.00037299546725735584
5.22 -0.00038994980667814475
5.221 -0.00038994980667814475
5.222 -0.00037299546725735584
5.223 -0.0004577671643613003
5.224 -0.00037299546725735584
5.2250000000000005 -0.00037299546725735584
5.226 -0.0004069041460989336
5.227 -0.00035604112783656694
5.228 -0.00042385848551972256
5.229 -0.00042385848551972256
5.23 -0.00038994980667814475
5.231 -0.00037299546725735584
5.232 -0.0003221324489949892
5.2330000000000005 -0.00042385848551972256
5.234 -0.0004577671643613003
5.235 -0.00038994980667814475
5.236 -0.00033908678841577803
5.237 -0.0004069041460989336
5.238 -0.00038994980667814475
5.239 -0.00038994980667814475
5.24 -0.0004069041460989336
5.2410000000000005 -0.00037299546725735584
5.242 -0.00038994980667814475
5.243 -0.00042385848551972256
5.244 -0.00042385848551972256
5.245 -0.00038994980667814475
5.246 -0.00038994980667814475
5.247 -0.00033908678841577803
5.248 -0.00044081282494051147
5.249 -0.00033908678841577803
5.25 -0.00035604112783656694
5.251 -0.00042385848551972256
5.252 -0.00037299546725735584
5.253 -0.0004069041460989336
5.2540000000000004 -0.00037299546725735584
5.255 -0.00038994980667814475
5.256 -0.0004069041460989336
5.257 -0.00038994980667814475
5.258 -0.00037299546725735584
5.259 -0.0004069041460989336
5.26 -0.00038994980667814475
5.261 -0.00035604112783656694
5.2620000000000005 -0.0004069041460989336
5.263 -0.0004069041460989336
5.264 -0.0004069041460989336
5.265 -0.00038994980667814475
5.266 -0.0003221324489949892
5.267 -0.00044081282494051147
5.268 -0.00035604112783656694
5.269 -0.0004069041460989336
5.2700000000000005 -0.00037299546725735584
5.271 -0.00033908678841577803
5.272 -0.00037299546725735584
5.273 -0.0004069041460989336
5.274 -0.00035604112783656694
5.275 -0.0004069041460989336
5.276 -0.0004069041460989336
5.277 -0.00038994980667814475
5.2780000000000005 -0.00035604112783656694
5.279 -0.00033908678841577803
5.28 -0.0004069041460989336
5.281 -0.00042385848551972256
5.282 -0.00037299546725735584
5.283 -0.0004069041460989336
5.284 -0.00037299546725735584
5.285 -0.00038994980667814475
5.2860000000000005 -0.0003221324489949892
5.287 -0.00037299546725735584
5.288 -0.00035604112783656694
5.289 -0.0004069041460989336
5.29 -0.00042385848551972256
5.291 -0.00037299546725735584
5.292 -0.00035604112783656694
5.293 -0.00038994980667814475
5.2940000000000005 -0.00035604112783656694
5.295 -0.00038994980667814475
5.296 -0.00038994980667814475
5.297 -0.00038994980667814475
5.298 -0.00035604112783656694
5.299 -0.00037299546725735584
5.3 -0.00037299546725735584
5.301 -0.00033908678841577803
5.3020000000000005 -0.00038994980667814475
5.303 -0.0004069041460989336
5.304 -0.00035604112783656694
5.305 -0.0004069041460989336
5.306 -0.0003051781095742002
5.307 -0.00035604112783656694
5.308 -0.00038994980667814475
5.309 -0.00033908678841577803
5.3100000000000005 -0.00038994980667814475
5.311 -0.0004069041460989336
5.312 -0.00038994980667814475
5.313 -0.00035604112783656694
5.314 -0.0003221324489949892
5.315 -0.00035604112783656694
5.316 -0.00037299546725735584
5.317 -0.00042385848551972256
5.3180000000000005 -0.00038994980667814475
5.319 -0.00038994980667814475
5.32 -0.00035604112783656694
5.321 -0.00037299546725735584
5.322 -0.00042385848551972256
5.323 -0.00037299546725735584
5.324 -0.00033908678841577803
5.325 -0.00037299546725735584
5.3260000000000005 -0.00037299546725735584
5.327 -0.0004069041460989336
5.328 -0.00037299546725735584
5.329 -0.00038994980667814475
5.33 -0.00044081282494051147
5.331 -0.00038994980667814475
5.332 -0.00038994980667814475
5.333 -0.00038994980667814475
5.3340000000000005 -0.00033908678841577803
5.335 -0.00038994980667814475
5.336 -0.00033908678841577803
5.337 -0.00037299546725735584
5.338 -0.00042385848551972256
5.339 -0.00037299546725735584
5.34 -0.00038994980667814475
5.341 -0.00037299546725735584
5.3420000000000005 -0.00035604112783656694
5.343 -0.0004069041460989336
5.344 -0.0004069041460989336
5.345 -0.00038994980667814475
5.346 -0.00033908678841577803
5.347 -0.00038994980667814475
5.348 -0.00044081282494051147
5.349 -0.00033908678841577803
5.3500000000000005 -0.00035604112783656694
5.351 -0.0004069041460989336
5.352 -0.00037299546725735584
5.353 -0.00037299546725735584
5.354 -0.00042385848551972256
5.355 -0.00038994980667814475
5.356 -0.00037299546725735584
5.357 -0.00037299546725735584
5.3580000000000005 -0.00037299546725735584
5.359 -0.00042385848551972256
5.36 -0.00042385848551972256
5.361 -0.00042385848551972256
5.362 -0.00042385848551972256
5.363 -0.00037299546725735584
5.364 -0.00037299546725735584
5.365 -0.00044081282494051147
5.3660000000000005 -0.0003221324489949892
5.367 -0.00035604112783656694
5.368 -0.0003051781095742002
5.369 -0.00038994980667814475
5.37 -0.00035604112783656694
5.371 -0.00037299546725735584
5.372 -0.00038994980667814475
5.373 -0.00037299546725735584
5.3740000000000006 -0.0004069041460989336
5.375 -0.00037299546725735584
5.376 -0.00038994980667814475
5.377 -0.00035604112783656694
5.378 -0.00038994980667814475
5.3790000000000004 -0.00037299546725735584
5.38 -0.00035604112783656694
5.381 -0.00033908678841577803
5.382 -0.0004069041460989336
5.383 -0.00033908678841577803
5.384 -0.00038994980667814475
5.385 -0.00042385848551972256
5.386 -0.0004069041460989336
5.3870000000000005 -0.00038994980667814475
5.388 -0.00038994980667814475
5.389 -0.0003051781095742002
5.39 -0.00047472150378208923
5.391 -0.00035604112783656694
5.392 -0.00037299546725735584
5.393 -0.00037299546725735584
5.394 -0.00038994980667814475
5.3950000000000005 -0.00037299546725735584
5.396 -0.00037299546725735584
5.397 -0.00044081282494051147
5.398 -0.00035604112783656694
5.399 -0.00038994980667814475
5.4 -0.00038994980667814475
5.401 -0.00037299546725735584
5.402 -0.00038994980667814475
5.4030000000000005 -0.0004069041460989336
5.404 -0.00035604112783656694
5.405 -0.00038994980667814475
5.406 -0.00044081282494051147
5.407 -0.00037299546725735584
5.408 -0.0004069041460989336
5.409 -0.0003051781095742002
5.41 -0.00038994980667814475
5.4110000000000005 -0.00037299546725735584
5.412 -0.00035604112783656694
5.413 -0.00035604112783656694
5.414 -0.00038994980667814475
5.415 -0.00037299546725735584
5.416 -0.00038994980667814475
5.417 -0.00042385848551972256
5.418 -0.0004069041460989336
5.4190000000000005 -0.00037299546725735584
5.42 -0.00038994980667814475
5.421 -0.00038994980667814475
5.422 -0.00035604112783656694
5.423 -0.00035604112783656694
5.424 -0.00037299546725735584
5.425 -0.0004069041460989336
5.426 -0.00044081282494051147
5.4270000000000005 -0.00037299546725735584
5.428 -0.00037299546725735584
5.429 -0.00037299546725735584
5.43 -0.00038994980667814475
5.431 -0.00035604112783656694
5.432 -0.00038994980667814475
5.433 -0.00038994980667814475
5.434 -0.00033908678841577803
5.4350000000000005 -0.00038994980667814475
5.436 -0.00038994980667814475
5.437 -0.0003221324489949892
5.438 -0.0003221324489949892
5.439 -0.00033908678841577803
5.44 -0.00037299546725735584
5.441 -0.00037299546725735584
5.442 -0.00038994980667814475
5.4430000000000005 -0.0004069041460989336
5.444 -0.0003221324489949892
5.445 -0.00035604112783656694
5.446 -0.0004069041460989336
5.447 -0.00038994980667814475
5.448 -0.00037299546725735584
5.449 -0.00037299546725735584
5.45 -0.00037299546725735584
5.4510000000000005 -0.00038994980667814475
5.452 -0.00037299546725735584
5.453 -0.00038994980667814475
5.454 -0.00037299546725735584
5.455 -0.00038994980667814475
5.456 -0.00035604112783656694
5.457 -0.00042385848551972256
5.458 -0.00033908678841577803
5.4590000000000005 -0.00038994980667814475
5.46 -0.0004069041460989336
5.461 -0.00035604112783656694
5.462 -0.00035604112783656694
5.463 -0.0004577671643613003
5.464 -0.00033908678841577803
5.465 -0.00037299546725735584
5.466 -0.00038994980667814475
5.4670000000000005 -0.00033908678841577803
5.468 -0.00035604112783656694
5.469 -0.00038994980667814475
5.47 -0.0004069041460989336
5.471 -0.00037299546725735584
5.472 -0.00038994980667814475
5.473 -0.00033908678841577803
5.474 -0.00042385848551972256
5.4750000000000005 -0.0004069041460989336
5.476 -0.0004069041460989336
5.477 -0.00038994980667814475
5.478 -0.00038994980667814475
5.479 -0.0004069041460989336
5.48 -0.00037299546725735584
5.481 -0.00033908678841577803
5.482 -0.0003221324489949892
5.4830000000000005 -0.00044081282494051147
5.484 -0.00037299546725735584
5.485 -0.00042385848551972256
5.486 -0.00037299546725735584
5.487 -0.00035604112783656694
5.488 -0.00033908678841577803
5.489 -0.00035604112783656694
5.49 -0.00033908678841577803
5.4910000000000005 -0.00042385848551972256
5.492 -0.00038994980667814475
5.493 -0.00037299546725735584
5.494 -0.00038994980667814475
5.495 -0.00035604112783656694
5.496 -0.00037299546725735584
5.497 -0.00038994980667814475
5.498 -0.00044081282494051147
5.4990000000000006 -0.00037299546725735584
5.5 -0.00035604112783656694
5.501 -0.00038994980667814475
5.502 -0.0004069041460989336
5.503 -0.00042385848551972256
5.5040000000000004 -0.0004069041460989336
5.505 -0.00037299546725735584
5.506 -0.00035604112783656694
5.507 -0.00044081282494051147
5.508 -0.00038994980667814475
5.509 -0.00038994980667814475
5.51 -0.0004069041460989336
5.511 -0.00035604112783656694
5.5120000000000005 -0.0004069041460989336
5.513 -0.00033908678841577803
5.514 -0.0004069041460989336
5.515 -0.0004069041460989336
5.516 -0.00038994980667814475
5.517 -0.00037299546725735584
5.518 -0.00033908678841577803
5.519 -0.0003221324489949892
5.5200000000000005 -0.00038994980667814475
5.521 -0.0004069041460989336
5.522 -0.00037299546725735584
5.523 -0.00037299546725735584
5.524 -0.00035604112783656694
5.525 -0.00037299546725735584
5.526 -0.00035604112783656694
5.527 -0.00033908678841577803
5.5280000000000005 -0.0004069041460989336
5.529 -0.00028822377015341136
5.53 -0.0003221324489949892
5.531 -0.00038994980667814475
5.532 -0.00037299546725735584
5.533 -0.0004069041460989336
5.534 -0.00038994980667814475
5.535 -0.00037299546725735584
5.5360000000000005 -0.00038994980667814475
5.537 -0.00033908678841577803
5.538 -0.00042385848551972256
5.539 -0.00037299546725735584
5.54 -0.00037299546725735584
5.541 -0.00035604112783656694
5.542 -0.00033908678841577803
5.543 -0.00035604112783656694
5.5440000000000005 -0.00035604112783656694
5.545 -0.00042385848551972256
5.546 -0.00037299546725735584
5.547 -0.00042385848551972256
5.548 -0.00038994980667814475
5.549 -0.00037299546725735584
5.55 -0.00042385848551972256
5.551 -0.00037299546725735584
5.5520000000000005 -0.00042385848551972256
5.553 -0.00042385848551972256
5.554 -0.0004577671643613003
5.555 -0.00035604112783656694
5.556 -0.00044081282494051147
5.557 -0.00035604112783656694
5.558 -0.00037299546725735584
5.559 -0.00038994980667814475
5.5600000000000005 -0.0004069041460989336
5.561 -0.00037299546725735584
5.562 -0.00038994980667814475
5.563 -0.0004069041460989336
5.564 -0.00044081282494051147
5.565 -0.00042385848551972256
5.566 -0.00037299546725735584
5.567 -0.0004069041460989336
5.5680000000000005 -0.00037299546725735584
5.569 -0.00035604112783656694
5.57 -0.00035604112783656694
5.571 -0.00038994980667814475
5.572 -0.00035604112783656694
5.573 -0.00038994980667814475
5.574 -0.00038994980667814475
5.575 -0.0004069041460989336
5.5760000000000005 -0.00037299546725735584
5.577 -0.00038994980667814475
5.578 -0.00038994980667814475
5.579 -0.00037299546725735584
5.58 -0.00035604112783656694
5.581 -0.00044081282494051147
5.582 -0.00038994980667814475
5.583 -0.00037299546725735584
5.5840000000000005 -0.00047472150378208923
5.585 -0.0003051781095742002
5.586 -0.00035604112783656694
5.587 -0.0004069041460989336
5.588 -0.00042385848551972256
5.589 -0.00038994980667814475
5.59 -0.00037299546725735584
5.591 -0.00035604112783656694
5.5920000000000005 -0.00038994980667814475
5.593 -0.00042385848551972256
5.594 -0.0003221324489949892
5.595 -0.00037299546725735584
5.596 -0.00042385848551972256
5.597 -0.00042385848551972256
5.598 -0.00044081282494051147
5.599 -0.00035604112783656694
5.6000000000000005 -0.00035604112783656694
5.601 -0.00033908678841577803
5.602 -0.00037299546725735584
5.603 -0.00033908678841577803
5.604 -0.00038994980667814475
5.605 -0.00038994980667814475
5.606 -0.00042385848551972256
5.607 -0.00035604112783656694
5.6080000000000005 -0.00037299546725735584
5.609 -0.00037299546725735584
5.61 -0.00037299546725735584
5.611 -0.00042385848551972256
5.612 -0.00038994980667814475
5.613 -0.00038994980667814475
5.614 -0.0004069041460989336
5.615 -0.00035604112783656694
5.6160000000000005 -0.00037299546725735584
5.617 -0.00037299546725735584
5.618 -0.00037299546725735584
5.619 -0.00035604112783656694
5.62 -0.0004069041460989336
5.621 -0.00033908678841577803
5.622 -0.00038994980667814475
5.623 -0.0004069041460989336
5.6240000000000006 -0.00042385848551972256
5.625 -0.0004069041460989336
5.626 -0.0004069041460989336
5.627 -0.00038994980667814475
5.628 -0.00037299546725735584
5.6290000000000004 -0.00038994980667814475
5.63 -0.00038994980667814475
5.631 -0.0004069041460989336
5.632 -0.0004069041460989336
5.633 -0.0004069041460989336
5.634 -0.00035604112783656694
5.635 -0.0004069041460989336
5.636 -0.00035604112783656694
5.6370000000000005 -0.00038994980667814475
5.638 -0.0004069041460989336
5.639 -0.00037299546725735584
5.64 -0.00035604112783656694
5.641 -0.00035604112783656694
5.642 -0.00033908678841577803
5.643 -0.00035604112783656694
5.644 -0.00038994980667814475
5.6450000000000005 -0.00037299546725735584
5.646 -0.00044081282494051147
5.647 -0.00038994980667814475
5.648 -0.00038994980667814475
5.649 -0.00037299546725735584
5.65 -0.00037299546725735584
5.651 -0.0003221324489949892
5.652 -0.0003221324489949892
5.6530000000000005 -0.00038994980667814475
5.654 -0.00037299546725735584
5.655 -0.00035604112783656694
5.656 -0.00035604112783656694
5.657 -0.00037299546725735584
5.658 -0.0004069041460989336
5.659 -0.00035604112783656694
5.66 -0.0004069041460989336
5.6610000000000005 -0.00035604112783656694
5.662 -0.0004069041460989336
5.663 -0.00035604112783656694
5.664 -0.0004069041460989336
5.665 -0.00033908678841577803
5.666 -0.0003051781095742002
5.667 -0.00037299546725735584
5.668 -0.00035604112783656694
5.6690000000000005 -0.00037299546725735584
5.67 -0.0004069041460989336
5.671 -0.0003221324489949892
5.672 -0.0004069041460989336
5.673 -0.00038994980667814475
5.674 -0.00035604112783656694
5.675 -0.00035604112783656694
5.676 -0.00038994980667814475
5.6770000000000005 -0.0003221324489949892
5.678 -0.00037299546725735584
5.679 -0.00035604112783656694
5.68 -0.00038994980667814475
5.681 -0.00038994980667814475
5.682 -0.00037299546725735584
5.683 -0.00033908678841577803
5.684 -0.0004069041460989336
5.6850000000000005 -0.00037299546725735584
5.686 -0.00038994980667814475
5.687 -0.0004069041460989336
5.688 -0.00037299546725735584
5.689 -0.00037299546725735584
5.69 -0.00038994980667814475
5.691 -0.00037299546725735584
5.692 -0.00035604112783656694
5.6930000000000005 -0.0004069041460989336
5.694 -0.00033908678841577803
5.695 -0.00038994980667814475
5.696 -0.00033908678841577803
5.697 -0.00038994980667814475
5.698 -0.00038994980667814475
5.699 -0.00037299546725735584
5.7 -0.00037299546725735584
5.7010000000000005 -0.00038994980667814475
5.702 -0.00037299546725735584
5.703 -0.00042385848551972256
5.704 -0.00033908678841577803
5.705 -0.00037299546725735584
5.706 -0.00038994980667814475
5.707 -0.00033908678841577803
5.708 -0.0004069041460989336
5.7090000000000005 -0.00038994980667814475
5.71 -0.0004069041460989336
5.711 -0.00037299546725735584
5.712 -0.00037299546725735584
5.713 -0.00035604112783656694
5.714 -0.0004069041460989336
5.715 -0.00035604112783656694
5.716 -0.00033908678841577803
5.7170000000000005 -0.00035604112783656694
5.718 -0.0004069041460989336
5.719 -0.00035604112783656694
5.72 -0.00044081282494051147
5.721 -0.00038994980667814475
5.722 -0.0004069041460989336
5.723 -0.00038994980667814475
5.724 -0.0004069041460989336
5.7250000000000005 -0.0004069041460989336
5.726 -0.00035604112783656694
5.727 -0.00035604112783656694
5.728 -0.00035604112783656694
5.729 -0.00037299546725735584
5.73 -0.00037299546725735584
5.731 -0.0004069041460989336
5.732 -0.00038994980667814475
5.7330000000000005 -0.00037299546725735584
5.734 -0.00037299546725735584
5.735 -0.00035604112783656694
5.736 -0.00037299546725735584
5.737 -0.00038994980667814475
5.738 -0.00042385848551972256
5.739 -0.00038994980667814475
5.74 -0.00042385848551972256
5.7410000000000005 -0.00035604112783656694
5.742 -0.0004069041460989336
5.743 -0.00038994980667814475
5.744 -0.00037299546725735584
5.745 -0.00035604112783656694
5.746 -0.00038994980667814475
5.747 -0.0004069041460989336
5.748 -0.0004069041460989336
5.7490000000000006 -0.00042385848551972256
5.75 -0.00037299546725735584
5.751 -0.00038994980667814475
5.752 -0.00033908678841577803
5.753 -0.00035604112783656694
5.7540000000000004 -0.00037299546725735584
5.755 -0.00035604112783656694
5.756 -0.00037299546725735584
5.757000000000001 -0.00037299546725735584
5.758 -0.00037299546725735584
5.759 -0.0004069041460989336
5.76 -0.00033908678841577803
5.761 -0.00038994980667814475
5.7620000000000005 -0.0003221324489949892
5.763 -0.00033908678841577803
5.764 -0.00033908678841577803
5.765 -0.0004069041460989336
5.766 -0.00033908678841577803
5.767 -0.00035604112783656694
5.768 -0.00033908678841577803
5.769 -0.00038994980667814475
5.7700000000000005 -0.00038994980667814475
5.771 -0.0004069041460989336
5.772 -0.00037299546725735584
5.773 -0.00038994980667814475
5.774 -0.00038994980667814475
5.775 -0.00035604112783656694
5.776 -0.00033908678841577803
5.777 -0.0004069041460989336
5.7780000000000005 -0.00037299546725735584
5.779 -0.00044081282494051147
5.78 -0.00038994980667814475
5.781 -0.00038994980667814475
5.782 -0.00037299546725735584
5.783 -0.00033908678841577803
5.784 -0.00035604112783656694
5.785 -0.00035604112783656694
5.7860000000000005 -0.00037299546725735584
5.787 -0.00042385848551972256
5.788 -0.0003051781095742002
5.789 -0.00035604112783656694
5.79 -0.00038994980667814475
5.791 -0.00033908678841577803
5.792 -0.00033908678841577803
5.793 -0.00038994980667814475
5.7940000000000005 -0.0004069041460989336
5.795 -0.00035604112783656694
5.796 -0.00037299546725735584
5.797 -0.00042385848551972256
5.798 -0.0004069041460989336
5.799 -0.0004069041460989336
5.8 -0.0004069041460989336
5.801 -0.00035604112783656694
5.8020000000000005 -0.00033908678841577803
5.803 -0.0004069041460989336
5.804 -0.0004069041460989336
5.805 -0.00038994980667814475
5.806 -0.00038994980667814475
5.807 -0.00037299546725735584
5.808 -0.00038994980667814475
5.809 -0.0003051781095742002
5.8100000000000005 -0.00037299546725735584
5.811 -0.00037299546725735584
5.812 -0.00037299546725735584
5.813 -0.00042385848551972256
5.814 -0.00033908678841577803
5.815 -0.00038994980667814475
5.816 -0.00035604112783656694
5.817 -0.00044081282494051147
5.8180000000000005 -0.0003051781095742002
5.819 -0.00044081282494051147
5.82 -0.00035604112783656694
5.821 -0.00035604112783656694
5.822 -0.0004069041460989336
5.823 -0.00038994980667814475
5.824 -0.0004069041460989336
5.825 -0.0004069041460989336
5.8260000000000005 -0.00033908678841577803
5.827 -0.00042385848551972256
5.828 -0.00038994980667814475
5.829 -0.00035604112783656694
5.83 -0.00037299546725735584
5.831 -0.00035604112783656694
5.832 -0.00033908678841577803
5.833 -0.00035604112783656694
5.8340000000000005 -0.0004069041460989336
5.835 -0.00042385848551972256
5.836 -0.00038994980667814475
5.837 -0.00037299546725735584
5.838 -0.00037299546725735584
5.839 -0.00044081282494051147
5.84 -0.00037299546725735584
5.841 -0.00038994980667814475
5.8420000000000005 -0.00037299546725735584
5.843 -0.00037299546725735584
5.844 -0.00037299546725735584
5.845 -0.00038994980667814475
5.846 -0.00033908678841577803
5.847 -0.00033908678841577803
5.848 -0.00042385848551972256
5.849 -0.00033908678841577803
5.8500000000000005 -0.00038994980667814475
5.851 -0.00038994980667814475
5.852 -0.00035604112783656694
5.853 -0.00033908678841577803
5.854 -0.00037299546725735584
5.855 -0.0004069041460989336
5.856 -0.0003051781095742002
5.857 -0.00037299546725735584
5.8580000000000005 -0.00033908678841577803
5.859 -0.00037299546725735584
5.86 -0.00037299546725735584
5.861 -0.00038994980667814475
5.862 -0.00035604112783656694
5.863 -0.00037299546725735584
5.864 -0.0003051781095742002
5.865 -0.0004069041460989336
5.8660000000000005 -0.00037299546725735584
5.867 -0.0003221324489949892
5.868 -0.00035604112783656694
5.869 -0.00038994980667814475
5.87 -0.00033908678841577803
5.871 -0.00042385848551972256
5.872 -0.00037299546725735584
5.873 -0.0004069041460989336
5.8740000000000006 -0.0004577671643613003
5.875 -0.00044081282494051147
5.876 -0.0004069041460989336
5.877 -0.00033908678841577803
5.878 -0.0004069041460989336
5.8790000000000004 -0.00037299546725735584
5.88 -0.00037299546725735584
5.881 -0.00038994980667814475
5.882000000000001 -0.0004069041460989336
5.883 -0.00044081282494051147
5.884 -0.00042385848551972256
5.885 -0.00038994980667814475
5.886 -0.00037299546725735584
5.8870000000000005 -0.0003221324489949892
5.888 -0.00035604112783656694
5.889 -0.0004069041460989336
5.89 -0.00042385848551972256
5.891 -0.0004069041460989336
5.892 -0.00037299546725735584
5.893 -0.00047472150378208923
5.894 -0.00038994980667814475
5.8950000000000005 -0.00035604112783656694
5.896 -0.00038994980667814475
5.897 -0.00038994980667814475
5.898 -0.00035604112783656694
5.899 -0.0004069041460989336
5.9 -0.00038994980667814475
5.901 -0.00038994980667814475
5.902 -0.00044081282494051147
5.9030000000000005 -0.00035604112783656694
5.904 -0.00038994980667814475
5.905 -0.00038994980667814475
5.906 -0.00035604112783656694
5.907 -0.0004069041460989336
5.908 -0.00038994980667814475
5.909 -0.00035604112783656694
5.91 -0.00037299546725735584
5.9110000000000005 -0.00035604112783656694
5.912 -0.00037299546725735584
5.913 -0.00037299546725735584
5.914 -0.00035604112783656694
5.915 -0.00042385848551972256
5.916 -0.00035604112783656694
5.917 -0.00033908678841577803
5.918 -0.00035604112783656694
5.9190000000000005 -0.00038994980667814475
5.92 -0.00033908678841577803
5.921 -0.00037299546725735584
5.922 -0.00038994980667814475
5.923 -0.00033908678841577803
5.924 -0.00037299546725735584
5.925 -0.00038994980667814475
5.926 -0.0004069041460989336
5.9270000000000005 -0.00038994980667814475
5.928 -0.00037299546725735584
5.929 -0.00038994980667814475
5.93 -0.0004069041460989336
5.931 -0.00035604112783656694
5.932 -0.00037299546725735584
5.933 -0.0003221324489949892
5.934 -0.0004069041460989336
5.9350000000000005 -0.00037299546725735584
5.936 -0.0004069041460989336
5.937 -0.0004577671643613003
5.938 -0.00037299546725735584
5.939 -0.0004577671643613003
5.94 -0.00038994980667814475
5.941 -0.00033908678841577803
5.942 -0.00037299546725735584
5.9430000000000005 -0.00035604112783656694
5.944 -0.00038994980667814475
5.945 -0.00038994980667814475
5.946 -0.00028822377015341136
5.947 -0.0004069041460989336
5.948 -0.0004069041460989336
5.949 -0.00038994980667814475
5.95 -0.00035604112783656694
5.9510000000000005 -0.00038994980667814475
5.952 -0.00044081282494051147
5.953 -0.00037299546725735584
5.954 -0.00037299546725735584
5.955 -0.00038994980667814475
5.956 -0.00038994980667814475
5.957 -0.0003221324489949892
5.958 -0.00042385848551972256
5.9590000000000005 -0.00035604112783656694
5.96 -0.00035604112783656694
5.961 -0.00038994980667814475
5.962 -0.00038994980667814475
5.963 -0.00035604112783656694
5.964 -0.00042385848551972256
5.965 -0.0003221324489949892
5.966 -0.00037299546725735584
5.9670000000000005 -0.00038994980667814475
5.968 -0.00033908678841577803
5.969 -0.00038994980667814475
5.97 -0.00038994980667814475
5.971 -0.00035604112783656694
5.972 -0.00037299546725735584
5.973 -0.00035604112783656694
5.974 -0.0004069041460989336
5.9750000000000005 -0.00037299546725735584
5.976 -0.00028822377015341136
5.977 -0.00042385848551972256
5.978 -0.00037299546725735584
5.979 -0.00037299546725735584
5.98 -0.00038994980667814475
5.981 -0.00033908678841577803
5.982 -0.00044081282494051147
5.9830000000000005 -0.00037299546725735584
5.984 -0.00038994980667814475
5.985 -0.0004069041460989336
5.986 -0.00042385848551972256
5.987 -0.00033908678841577803
5.988 -0.00042385848551972256
5.989 -0.0004069041460989336
5.99 -0.00033908678841577803
5.9910000000000005 -0.00044081282494051147
5.992 -0.00037299546725735584
5.993 -0.00038994980667814475
5.994 -0.00033908678841577803
5.995 -0.0004069041460989336
5.996 -0.00038994980667814475
5.997 -0.00042385848551972256
5.998 -0.00038994980667814475
5.9990000000000006 -0.00037299546725735584
6 -0.00033908678841577803
6.001 -0.0004069041460989336
6.002 -0.00035604112783656694
6.003 -0.00035604112783656694
6.0040000000000004 -0.00035604112783656694
6.005 -0.00035604112783656694
6.006 -0.00038994980667814475
6.007000000000001 -0.00042385848551972256
6.008 -0.00035604112783656694
6.009 -0.0003051781095742002
6.01 -0.0004069041460989336
6.011 -0.00038994980667814475
6.0120000000000005 -0.0003221324489949892
6.013 -0.00038994980667814475
6.014 -0.00037299546725735584
6.015000000000001 -0.00038994980667814475
6.016 -0.00035604112783656694
6.017 -0.0004069041460989336
6.018 -0.00037299546725735584
6.019 -0.00038994980667814475
6.0200000000000005 -0.0003221324489949892
6.021 -0.00033908678841577803
6.022 -0.00037299546725735584
6.023 -0.00035604112783656694
6.024 -0.00033908678841577803
6.025 -0.0004069041460989336
6.026 -0.0004069041460989336
6.027 -0.00044081282494051147
6.0280000000000005 -0.00042385848551972256
6.029 -0.00037299546725735584
6.03 -0.00038994980667814475
6.031 -0.00035604112783656694
6.032 -0.0004069041460989336
6.033 -0.0004069041460989336
6.034 -0.00033908678841577803
6.035 -0.0004069041460989336
6.0360000000000005 -0.00037299546725735584
6.037 -0.00035604112783656694
6.038 -0.00038994980667814475
6.039 -0.0003221324489949892
6.04 -0.00044081282494051147
6.041 -0.0004069041460989336
6.042 -0.00035604112783656694
6.043 -0.00037299546725735584
6.0440000000000005 -0.0004069041460989336
6.045 -0.00037299546725735584
6.046 -0.0004069041460989336
6.047 -0.00042385848551972256
6.048 -0.00035604112783656694
6.049 -0.00042385848551972256
6.05 -0.00037299546725735584
6.051 -0.00037299546725735584
6.0520000000000005 -0.00037299546725735584
6.053 -0.00037299546725735584
6.054 -0.0004069041460989336
6.055 -0.00038994980667814475
6.056 -0.00035604112783656694
6.057 -0.00038994980667814475
6.058 -0.00033908678841577803
6.059 -0.00035604112783656694
6.0600000000000005 -0.00038994980667814475
6.061 -0.0004069041460989336
6.062 -0.0004069041460989336
6.063 -0.00038994980667814475
6.064 -0.00037299546725735584
6.065 -0.0003221324489949892
6.066 -0.00037299546725735584
6.067 -0.00037299546725735584
6.0680000000000005 -0.0004069041460989336
6.069 -0.00038994980667814475
6.07 -0.00038994980667814475
6.071 -0.00038994980667814475
6.072 -0.00038994980667814475
6.073 -0.00038994980667814475
6.074 -0.00033908678841577803
6.075 -0.00037299546725735584
6.0760000000000005 -0.0003051781095742002
6.077 -0.00035604112783656694
6.078 -0.00035604112783656694
6.079 -0.00038994980667814475
6.08 -0.00037299546725735584
6.081 -0.00035604112783656694
6.082 -0.00038994980667814475
6.083 -0.0003221324489949892
6.0840000000000005 -0.00042385848551972256
6.085 -0.00038994980667814475
6.086 -0.00038994980667814475
6.087 -0.00042385848551972256
6.088 -0.00033908678841577803
6.089 -0.00035604112783656694
6.09 -0.00038994980667814475
6.091 -0.00037299546725735584
6.0920000000000005 -0.00038994980667814475
6.093 -0.0004069041460989336
6.094 -0.00033908678841577803
6.095 -0.00035604112783656694
6.096 -0.00038994980667814475
6.097 -0.00037299546725735584
6.098 -0.00042385848551972256
6.099 -0.00038994980667814475
6.1000000000000005 -0.00044081282494051147
6.101 -0.0003221324489949892
6.102 -0.00038994980667814475
6.103 -0.00033908678841577803
6.104 -0.00035604112783656694
6.105 -0.0004069041460989336
6.106 -0.00038994980667814475
6.107 -0.00044081282494051147
6.1080000000000005 -0.00037299546725735584
6.109 -0.00035604112783656694
6.11 -0.00033908678841577803
6.111 -0.00042385848551972256
6.112 -0.00037299546725735584
6.113 -0.0004069041460989336
6.114 -0.00033908678841577803
6.115 -0.0004069041460989336
6.1160000000000005 -0.00035604112783656694
6.117 -0.0004069041460989336
6.118 -0.00037299546725735584
6.119 -0.00038994980667814475
6.12 -0.00037299546725735584
6.121 -0.00037299546725735584
6.122 -0.00037299546725735584
6.123 -0.00044081282494051147
6.1240000000000006 -0.00038994980667814475
6.125 -0.00038994980667814475
6.126 -0.00038994980667814475
6.127 -0.00035604112783656694
6.128 -0.00033908678841577803
6.1290000000000004 -0.0004069041460989336
6.13 -0.00037299546725735584
6.131 -0.00037299546725735584
6.132000000000001 -0.00042385848551972256
6.133 -0.00037299546725735584
6.134 -0.00037299546725735584
6.135 -0.00033908678841577803
6.136 -0.0004069041460989336
6.1370000000000005 -0.00033908678841577803
6.138 -0.00037299546725735584
6.139 -0.00037299546725735584
6.140000000000001 -0.00042385848551972256
6.141 -0.00035604112783656694
6.142 -0.00037299546725735584
6.143 -0.0004069041460989336
6.144 -0.00038994980667814475
6.1450000000000005 -0.00037299546725735584
6.146 -0.0004069041460989336
6.147 -0.0004069041460989336
6.148 -0.0004069041460989336
6.149 -0.00035604112783656694
6.15 -0.00038994980667814475
6.151 -0.0004069041460989336
6.152 -0.00035604112783656694
6.1530000000000005 -0.00035604112783656694
6.154 -0.00042385848551972256
6.155 -0.00037299546725735584
6.156 -0.00037299546725735584
6.157 -0.00038994980667814475
6.158 -0.00037299546725735584
6.159 -0.0003221324489949892
6.16 -0.00037299546725735584
6.1610000000000005 -0.00035604112783656694
6.162 -0.00033908678841577803
6.163 -0.0004069041460989336
6.164 -0.00037299546725735584
6.165 -0.00038994980667814475
6.166 -0.0004069041460989336
6.167 -0.00033908678841577803
6.168 -0.00037299546725735584
6.1690000000000005 -0.00037299546725735584
6.17 -0.0003221324489949892
6.171 -0.00037299546725735584
6.172 -0.00038994980667814475
6.173 -0.00042385848551972256
6.174 -0.00033908678841577803
6.175 -0.00037299546725735584
6.176 -0.00042385848551972256
6.1770000000000005 -0.00033908678841577803
6.178 -0.0004069041460989336
6.179 -0.0003221324489949892
6.18 -0.00042385848551972256
6.181 -0.00035604112783656694
6.182 -0.00035604112783656694
6.183 -0.00037299546725735584
6.184 -0.00038994980667814475
6.1850000000000005 -0.0004069041460989336
6.186 -0.0004069041460989336
6.187 -0.00042385848551972256
6.188 -0.0003221324489949892
6.189 -0.00033908678841577803
6.19 -0.00035604112783656694
6.191 -0.0004069041460989336
6.192 -0.00038994980667814475
6.1930000000000005 -0.00038994980667814475
6.194 -0.00037299546725735584
6.195 -0.00038994980667814475
6.196 -0.00037299546725735584
6.197 -0.00038994980667814475
6.198 -0.00044081282494051147
6.199 -0.00038994980667814475
6.2 -0.00037299546725735584
6.2010000000000005 -0.0004069041460989336
6.202 -0.00038994980667814475
6.203 -0.0004069041460989336
6.204 -0.0004069041460989336
6.205 -0.00035604112783656694
6.206 -0.00035604112783656694
6.207 -0.0004069041460989336
6.208 -0.00033908678841577803
6.2090000000000005 -0.00035604112783656694
6.21 -0.00038994980667814475
6.211 -0.00038994980667814475
6.212 -0.00038994980667814475
6.213 -0.00035604112783656694
6.214 -0.00035604112783656694
6.215 -0.00042385848551972256
6.216 -0.00035604112783656694
6.2170000000000005 -0.00044081282494051147
6.218 -0.0004069041460989336
6.219 -0.00038994980667814475
6.22 -0.0004069041460989336
6.221 -0.00042385848551972256
6.222 -0.00035604112783656694
6.223 -0.00037299546725735584
6.224 -0.00033908678841577803
6.2250000000000005 -0.00035604112783656694
6.226 -0.00033908678841577803
6.227 -0.0004069041460989336
6.228 -0.00042385848551972256
6.229 -0.00038994980667814475
6.23 -0.00037299546725735584
6.231 -0.00038994980667814475
6.232 -0.00035604112783656694
6.2330000000000005 -0.00037299546725735584
6.234 -0.0004577671643613003
6.235 -0.00037299546725735584
6.236 -0.00038994980667814475
6.237 -0.00038994980667814475
6.238 -0.00035604112783656694
6.239 -0.00035604112783656694
6.24 -0.00038994980667814475
6.2410000000000005 -0.0004069041460989336
6.242 -0.00035604112783656694
6.243 -0.00037299546725735584
6.244 -0.0003051781095742002
6.245 -0.00035604112783656694
6.246 -0.00038994980667814475
6.247 -0.00038994980667814475
6.248 -0.0004069041460989336
6.2490000000000006 -0.00037299546725735584
6.25 -0.00042385848551972256
6.251 -0.00038994980667814475
6.252 -0.00038994980667814475
6.253 -0.00033908678841577803
6.2540000000000004 -0.00037299546725735584
6.255 -0.00038994980667814475
6.256 -0.00038994980667814475
6.257000000000001 -0.00042385848551972256
6.258 -0.0004069041460989336
6.259 -0.00044081282494051147
6.26 -0.00042385848551972256
6.261 -0.0003221324489949892
6.2620000000000005 -0.00037299546725735584
6.263 -0.00038994980667814475
6.264 -0.00037299546725735584
6.265000000000001 -0.0004069041460989336
6.266 -0.00038994980667814475
6.267 -0.00035604112783656694
6.268 -0.00033908678841577803
6.269 -0.00037299546725735584
6.2700000000000005 -0.00044081282494051147
6.271 -0.00038994980667814475
6.272 -0.0004069041460989336
6.273 -0.0004069041460989336
6.274 -0.00037299546725735584
6.275 -0.00035604112783656694
6.276 -0.00035604112783656694
6.277 -0.00035604112783656694
6.2780000000000005 -0.00038994980667814475
6.279 -0.00033908678841577803
6.28 -0.0004069041460989336
6.281 -0.00042385848551972256
6.282 -0.00038994980667814475
6.283 -0.00037299546725735584
6.284 -0.00033908678841577803
6.285 -0.00035604112783656694
6.2860000000000005 -0.00038994980667814475
6.287 -0.0004069041460989336
6.288 -0.00037299546725735584
6.289 -0.00038994980667814475
6.29 -0.00037299546725735584
6.291 -0.00035604112783656694
6.292 -0.00033908678841577803
6.293 -0.00042385848551972256
6.2940000000000005 -0.00035604112783656694
6.295 -0.00038994980667814475
6.296 -0.00037299546725735584
6.297 -0.0004069041460989336
6.298 -0.00042385848551972256
6.299 -0.00033908678841577803
6.3 -0.00033908678841577803
6.301 -0.00035604112783656694
6.3020000000000005 -0.0004069041460989336
6.303 -0.0003221324489949892
6.304 -0.00035604112783656694
6.305 -0.0003221324489949892
6.306 -0.00038994980667814475
6.307 -0.00037299546725735584
6.308 -0.00044081282494051147
6.309 -0.00037299546725735584
6.3100000000000005 -0.0004069041460989336
6.311 -0.0004069041460989336
6.312 -0.0004069041460989336
6.313 -0.00035604112783656694
6.314 -0.00037299546725735584
6.315 -0.00042385848551972256
6.316 -0.0004069041460989336
6.317 -0.00038994980667814475
6.3180000000000005 -0.0003221324489949892
6.319 -0.00037299546725735584
6.32 -0.00035604112783656694
6.321 -0.00035604112783656694
6.322 -0.00033908678841577803
6.323 -0.00037299546725735584
6.324 -0.0004069041460989336
6.325 -0.0004069041460989336
6.3260000000000005 -0.00038994980667814475
6.327 -0.0004069041460989336
6.328 -0.0004069041460989336
6.329 -0.0004069041460989336
6.33 -0.00037299546725735584
6.331 -0.0004069041460989336
6.332 -0.00035604112783656694
6.333 -0.00038994980667814475
6.3340000000000005 -0.00038994980667814475
6.335 -0.00037299546725735584
6.336 -0.00038994980667814475
6.337 -0.00037299546725735584
6.338 -0.0004069041460989336
6.339 -0.00033908678841577803
6.34 -0.0003221324489949892
6.341 -0.00035604112783656694
6.3420000000000005 -0.00037299546725735584
6.343 -0.00037299546725735584
6.344 -0.00037299546725735584
6.345 -0.00038994980667814475
6.346 -0.0004069041460989336
6.347 -0.00037299546725735584
6.348 -0.00037299546725735584
6.349 -0.00033908678841577803
6.3500000000000005 -0.00037299546725735584
6.351 -0.0004069041460989336
6.352 -0.0004069041460989336
6.353 -0.00037299546725735584
6.354 -0.00037299546725735584
6.355 -0.0004069041460989336
6.356 -0.0004069041460989336
6.357 -0.00037299546725735584
6.3580000000000005 -0.00035604112783656694
6.359 -0.00042385848551972256
6.36 -0.00035604112783656694
6.361 -0.00038994980667814475
6.362 -0.00038994980667814475
6.363 -0.00037299546725735584
6.364 -0.00037299546725735584
6.365 -0.00037299546725735584
6.3660000000000005 -0.0004069041460989336
6.367 -0.00035604112783656694
6.368 -0.00037299546725735584
6.369 -0.0003221324489949892
6.37 -0.00035604112783656694
6.371 -0.00042385848551972256
6.372 -0.00044081282494051147
6.373 -0.0004069041460989336
6.3740000000000006 -0.00037299546725735584
6.375 -0.00037299546725735584
6.376 -0.00037299546725735584
6.377 -0.0003221324489949892
6.378 -0.00035604112783656694
6.3790000000000004 -0.00035604112783656694
6.38 -0.0004069041460989336
6.381 -0.00038994980667814475
6.382000000000001 -0.00037299546725735584
6.383 -0.00033908678841577803
6.384 -0.0004069041460989336
6.385 -0.00038994980667814475
6.386 -0.0004069041460989336
6.3870000000000005 -0.00035604112783656694
6.388 -0.00038994980667814475
6.389 -0.0004069041460989336
6.390000000000001 -0.00037299546725735584
6.391 -0.00037299546725735584
6.392 -0.00035604112783656694
6.393 -0.00042385848551972256
6.394 -0.00035604112783656694
6.3950000000000005 -0.0003221324489949892
6.396 -0.00037299546725735584
6.397 -0.00035604112783656694
6.398000000000001 -0.0003051781095742002
6.399 -0.00033908678841577803
6.4 -0.00035604112783656694
6.401 -0.00033908678841577803
6.402 -0.00035604112783656694
6.4030000000000005 -0.00035604112783656694
6.404 -0.00042385848551972256
6.405 -0.00037299546725735584
6.406 -0.00038994980667814475
6.407 -0.00038994980667814475
6.408 -0.0003221324489949892
6.409 -0.00037299546725735584
6.41 -0.00033908678841577803
6.4110000000000005 -0.00038994980667814475
6.412 -0.00035604112783656694
6.413 -0.00044081282494051147
6.414 -0.00037299546725735584
6.415 -0.0004069041460989336
6.416 -0.00037299546725735584
6.417 -0.00037299546725735584
6.418 -0.00035604112783656694
6.4190000000000005 -0.00037299546725735584
6.42 -0.00038994980667814475
6.421 -0.00037299546725735584
6.422 -0.0003221324489949892
6.423 -0.00033908678841577803
6.424 -0.00037299546725735584
6.425 -0.00037299546725735584
6.426 -0.00042385848551972256
6.4270000000000005 -0.0004069041460989336
6.428 -0.00035604112783656694
6.429 -0.0004069041460989336
6.43 -0.00038994980667814475
6.431 -0.0004069041460989336
6.432 -0.00037299546725735584
6.433 -0.00033908678841577803
6.434 -0.00035604112783656694
6.4350000000000005 -0.00037299546725735584
6.436 -0.0004069041460989336
6.437 -0.00038994980667814475
6.438 -0.00037299546725735584
6.439 -0.00037299546725735584
6.44 -0.00035604112783656694
6.441 -0.0004069041460989336
6.442 -0.0004069041460989336
6.4430000000000005 -0.0003221324489949892
6.444 -0.00033908678841577803
6.445 -0.0004069041460989336
6.446 -0.00038994980667814475
6.447 -0.00035604112783656694
6.448 -0.00033908678841577803
6.449 -0.0004069041460989336
6.45 -0.00033908678841577803
6.4510000000000005 -0.00033908678841577803
6.452 -0.00044081282494051147
6.453 -0.00035604112783656694
6.454 -0.00038994980667814475
6.455 -0.00037299546725735584
6.456 -0.00042385848551972256
6.457 -0.00042385848551972256
6.458 -0.00038994980667814475
6.4590000000000005 -0.00035604112783656694
6.46 -0.0004069041460989336
6.461 -0.00038994980667814475
6.462 -0.00033908678841577803
6.463 -0.0004069041460989336
6.464 -0.00033908678841577803
6.465 -0.00037299546725735584
6.466 -0.00037299546725735584
6.4670000000000005 -0.00038994980667814475
6.468 -0.00033908678841577803
6.469 -0.0004069041460989336
6.47 -0.00037299546725735584
6.471 -0.00044081282494051147
6.472 -0.00037299546725735584
6.473 -0.00033908678841577803
6.474 -0.00042385848551972256
6.4750000000000005 -0.00038994980667814475
6.476 -0.00038994980667814475
6.477 -0.00037299546725735584
6.478 -0.00033908678841577803
6.479 -0.00038994980667814475
6.48 -0.00042385848551972256
6.481 -0.00042385848551972256
6.482 -0.00037299546725735584
6.4830000000000005 -0.0004069041460989336
6.484 -0.00033908678841577803
6.485 -0.00033908678841577803
6.486 -0.00035604112783656694
6.487 -0.00037299546725735584
6.488 -0.00037299546725735584
6.489 -0.0003221324489949892
6.49 -0.00038994980667814475
6.4910000000000005 -0.00035604112783656694
6.492 -0.0004069041460989336
6.493 -0.00035604112783656694
6.494 -0.00038994980667814475
6.495 -0.0004069041460989336
6.496 -0.00042385848551972256
6.497 -0.0003051781095742002
6.498 -0.00037299546725735584
6.4990000000000006 -0.00038994980667814475
6.5 -0.0004069041460989336
6.501 -0.00038994980667814475
6.502 -0.00035604112783656694
6.503 -0.00035604112783656694
6.5040000000000004 -0.00035604112783656694
6.505 -0.00037299546725735584
6.506 -0.00035604112783656694
6.507000000000001 -0.00037299546725735584
6.508 -0.0004069041460989336
6.509 -0.00035604112783656694
6.51 -0.0003221324489949892
6.511 -0.00038994980667814475
6.5120000000000005 -0.00035604112783656694
6.513 -0.00042385848551972256
6.514 -0.00037299546725735584
6.515000000000001 -0.0004069041460989336
6.516 -0.00038994980667814475
6.517 -0.00038994980667814475
6.518 -0.00038994980667814475
6.519 -0.00037299546725735584
6.5200000000000005 -0.00033908678841577803
6.521 -0.00037299546725735584
6.522 -0.00033908678841577803
6.523000000000001 -0.00037299546725735584
6.524 -0.00042385848551972256
6.525 -0.00035604112783656694
6.526 -0.00035604112783656694
6.527 -0.00035604112783656694
6.5280000000000005 -0.00035604112783656694
6.529 -0.00038994980667814475
6.53 -0.0004069041460989336
6.531 -0.0003221324489949892
6.532 -0.00037299546725735584
6.533 -0.00033908678841577803
6.534 -0.00037299546725735584
6.535 -0.00042385848551972256
6.5360000000000005 -0.0003221324489949892
6.537 -0.00028822377015341136
6.538 -0.00037299546725735584
6.539 -0.00035604112783656694
6.54 -0.00038994980667814475
6.541 -0.00038994980667814475
6.542 -0.00033908678841577803
6.543 -0.0004069041460989336
6.5440000000000005 -0.00038994980667814475
6.545 -0.00038994980667814475
6.546 -0.00035604112783656694
6.547 -0.00033908678841577803
6.548 -0.00038994980667814475
6.549 -0.0004069041460989336
6.55 -0.00038994980667814475
6.551 -0.00042385848551972256
6.5520000000000005 -0.00037299546725735584
6.553 -0.00035604112783656694
6.554 -0.0004069041460989336
6.555 -0.00035604112783656694
6.556 -0.00038994980667814475
6.557 -0.00035604112783656694
6.558 -0.00038994980667814475
6.559 -0.00037299546725735584
6.5600000000000005 -0.00044081282494051147
6.561 -0.00042385848551972256
6.562 -0.00037299546725735584
6.563 -0.0003221324489949892
6.564 -0.00033908678841577803
6.565 -0.00035604112783656694
6.566 -0.0004069041460989336
6.567 -0.00037299546725735584
6.5680000000000005 -0.00037299546725735584
6.569 -0.00035604112783656694
6.57 -0.00037299546725735584
6.571 -0.00035604112783656694
6.572 -0.00028822377015341136
6.573 -0.0003221324489949892
6.574 -0.00038994980667814475
6.575 -0.00038994980667814475
6.5760000000000005 -0.00042385848551972256
6.577 -0.00038994980667814475
6.578 -0.00033908678841577803
6.579 -0.00035604112783656694
6.58 -0.0004069041460989336
6.581 -0.00042385848551972256
6.582 -0.0004069041460989336
6.583 -0.00033908678841577803
6.5840000000000005 -0.00038994980667814475
6.585 -0.0004069041460989336
6.586 -0.00037299546725735584
6.587 -0.00042385848551972256
6.588 -0.00033908678841577803
6.589 -0.00037299546725735584
6.59 -0.0004069041460989336
6.591 -0.00035604112783656694
6.5920000000000005 -0.00042385848551972256
6.593 -0.00033908678841577803
6.594 -0.00035604112783656694
6.595 -0.00033908678841577803
6.596 -0.00038994980667814475
6.597 -0.0004069041460989336
6.598 -0.00044081282494051147
6.599 -0.00042385848551972256
6.6000000000000005 -0.0003051781095742002
6.601 -0.0004069041460989336
6.602 -0.00037299546725735584
6.603 -0.00035604112783656694
6.604 -0.0004069041460989336
6.605 -0.0003221324489949892
6.606 -0.00038994980667814475
6.607 -0.0004069041460989336
6.6080000000000005 -0.00037299546725735584
6.609 -0.00038994980667814475
6.61 -0.00042385848551972256
6.611 -0.00035604112783656694
6.612 -0.00037299546725735584
6.613 -0.00037299546725735584
6.614 -0.00037299546725735584
6.615 -0.0003221324489949892
6.6160000000000005 -0.00037299546725735584
6.617 -0.00037299546725735584
6.618 -0.00035604112783656694
6.619 -0.00037299546725735584
6.62 -0.00035604112783656694
6.621 -0.00038994980667814475
6.622 -0.00038994980667814475
6.623 -0.00038994980667814475
6.6240000000000006 -0.00037299546725735584
6.625 -0.00037299546725735584
6.626 -0.00038994980667814475
6.627 -0.00037299546725735584
6.628 -0.00037299546725735584
6.6290000000000004 -0.00037299546725735584
6.63 -0.00035604112783656694
6.631 -0.0004069041460989336
6.632000000000001 -0.0004577671643613003
6.633 -0.0003221324489949892
6.634 -0.0004069041460989336
6.635 -0.0004069041460989336
6.636 -0.00038994980667814475
6.6370000000000005 -0.00038994980667814475
6.638 -0.00037299546725735584
6.639 -0.00035604112783656694
6.640000000000001 -0.00035604112783656694
6.641 -0.00035604112783656694
6.642 -0.00037299546725735584
6.643 -0.00037299546725735584
6.644 -0.0004069041460989336
6.6450000000000005 -0.00035604112783656694
6.646 -0.00037299546725735584
6.647 -0.00037299546725735584
6.648000000000001 -0.00037299546725735584
6.649 -0.00037299546725735584
6.65 -0.0004069041460989336
6.651 -0.0004069041460989336
6.652 -0.00038994980667814475
6.6530000000000005 -0.00035604112783656694
6.654 -0.00044081282494051147
6.655 -0.00037299546725735584
6.656000000000001 -0.00037299546725735584
6.657 -0.0004069041460989336
6.658 -0.00038994980667814475
6.659 -0.0003221324489949892
6.66 -0.00038994980667814475
6.6610000000000005 -0.00038994980667814475
6.662 -0.0004069041460989336
6.663 -0.0004069041460989336
6.664 -0.00037299546725735584
6.665 -0.00037299546725735584
6.666 -0.0004069041460989336
6.667 -0.00035604112783656694
6.668 -0.00033908678841577803
6.6690000000000005 -0.00033908678841577803
6.67 -0.00037299546725735584
6.671 -0.00038994980667814475
6.672 -0.0004069041460989336
6.673 -0.0003051781095742002
6.674 -0.00038994980667814475
6.675 -0.00038994980667814475
6.676 -0.00033908678841577803
6.6770000000000005 -0.0004069041460989336
6.678 -0.00035604112783656694
6.679 -0.00038994980667814475
6.68 -0.00038994980667814475
6.681 -0.0004069041460989336
6.682 -0.00033908678841577803
6.683 -0.00035604112783656694
6.684 -0.00038994980667814475
6.6850000000000005 -0.00033908678841577803
6.686 -0.00037299546725735584
6.687 -0.0003221324489949892
6.688 -0.0004069041460989336
6.689 -0.0004069041460989336
6.69 -0.00037299546725735584
6.691 -0.0003051781095742002
6.692 -0.00035604112783656694
6.6930000000000005 -0.00038994980667814475
6.694 -0.00042385848551972256
6.695 -0.00033908678841577803
6.696 -0.00035604112783656694
6.697 -0.00038994980667814475
6.698 -0.00047472150378208923
6.699 -0.00033908678841577803
6.7 -0.00038994980667814475
6.7010000000000005 -0.0003221324489949892
6.702 -0.00042385848551972256
6.703 -0.00035604112783656694
6.704 -0.00038994980667814475
6.705 -0.00037299546725735584
6.706 -0.00042385848551972256
6.707 -0.00042385848551972256
6.708 -0.00033908678841577803
6.7090000000000005 -0.0003221324489949892
6.71 -0.00037299546725735584
6.711 -0.00033908678841577803
6.712 -0.0004069041460989336
6.713 -0.00033908678841577803
6.714 -0.00033908678841577803
6.715 -0.00037299546725735584
6.716 -0.00042385848551972256
6.7170000000000005 -0.00038994980667814475
6.718 -0.0004069041460989336
6.719 -0.00038994980667814475
6.72 -0.00037299546725735584
6.721 -0.00044081282494051147
6.722 -0.00033908678841577803
6.723 -0.00037299546725735584
6.724 -0.00033908678841577803
6.7250000000000005 -0.00037299546725735584
6.726 -0.00038994980667814475
6.727 -0.00033908678841577803
6.728 -0.00035604112783656694
6.729 -0.0003051781095742002
6.73 -0.00037299546725735584
6.731 -0.0004069041460989336
6.732 -0.00042385848551972256
6.7330000000000005 -0.00038994980667814475
6.734 -0.00038994980667814475
6.735 -0.00042385848551972256
6.736 -0.0004069041460989336
6.737 -0.0004069041460989336
6.738 -0.0003221324489949892
6.739 -0.0004069041460989336
6.74 -0.0003221324489949892
6.7410000000000005 -0.00037299546725735584
6.742 -0.00035604112783656694
6.743 -0.00037299546725735584
6.744 -0.0004069041460989336
6.745 -0.00033908678841577803
6.746 -0.00035604112783656694
6.747 -0.00038994980667814475
6.748 -0.00035604112783656694
6.7490000000000006 -0.00037299546725735584
6.75 -0.00042385848551972256
6.751 -0.00035604112783656694
6.752 -0.00038994980667814475
6.753 -0.00033908678841577803
6.7540000000000004 -0.0003221324489949892
6.755 -0.00038994980667814475
6.756 -0.00037299546725735584
6.757000000000001 -0.00038994980667814475
6.758 -0.00037299546725735584
6.759 -0.00044081282494051147
6.76 -0.00038994980667814475
6.761 -0.00033908678841577803
6.7620000000000005 -0.00038994980667814475
6.763 -0.0004069041460989336
6.764 -0.0003051781095742002
6.765000000000001 -0.00038994980667814475
6.766 -0.0004069041460989336
6.767 -0.00033908678841577803
6.768 -0.0003221324489949892
6.769 -0.00038994980667814475
6.7700000000000005 -0.0004069041460989336
6.771 -0.0004069041460989336
6.772 -0.00035604112783656694
6.773000000000001 -0.00033908678841577803
6.774 -0.00037299546725735584
6.775 -0.00038994980667814475
6.776 -0.00035604112783656694
6.777 -0.00033908678841577803
6.7780000000000005 -0.00037299546725735584
6.779 -0.0003221324489949892
6.78 -0.00037299546725735584
6.781000000000001 -0.00037299546725735584
6.782 -0.0004069041460989336
6.783 -0.00038994980667814475
6.784 -0.00033908678841577803
6.785 -0.0004069041460989336
6.7860000000000005 -0.00037299546725735584
6.787 -0.00037299546725735584
6.788 -0.00037299546725735584
6.789 -0.0003221324489949892
6.79 -0.00033908678841577803
6.791 -0.00035604112783656694
6.792 -0.00038994980667814475
6.793 -0.0004069041460989336
6.7940000000000005 -0.00038994980667814475
6.795 -0.0004069041460989336
6.796 -0.0004069041460989336
6.797 -0.0004069041460989336
6.798 -0.00037299546725735584
6.799 -0.0004069041460989336
6.8 -0.00037299546725735584
6.801 -0.00035604112783656694
6.8020000000000005 -0.00037299546725735584
6.803 -0.00037299546725735584
6.804 -0.00035604112783656694
6.805 -0.00037299546725735584
6.806 -0.0003221324489949892
6.807 -0.00038994980667814475
6.808 -0.00038994980667814475
6.809 -0.00037299546725735584
6.8100000000000005 -0.00038994980667814475
6.811 -0.00038994980667814475
6.812 -0.00035604112783656694
6.813 -0.00033908678841577803
6.814 -0.0003051781095742002
6.815 -0.00037299546725735584
6.816 -0.00035604112783656694
6.817 -0.00035604112783656694
6.8180000000000005 -0.00037299546725735584
6.819 -0.00038994980667814475
6.82 -0.00033908678841577803
6.821 -0.0004069041460989336
6.822 -0.00035604112783656694
6.823 -0.00038994980667814475
6.824 -0.0004069041460989336
6.825 -0.0004069041460989336
6.8260000000000005 -0.00033908678841577803
6.827 -0.00035604112783656694
6.828 -0.00037299546725735584
6.829 -0.00037299546725735584
6.83 -0.00035604112783656694
6.831 -0.00038994980667814475
6.832 -0.00037299546725735584
6.833 -0.0004069041460989336
6.8340000000000005 -0.0003221324489949892
6.835 -0.00035604112783656694
6.836 -0.00038994980667814475
6.837 -0.00037299546725735584
6.838 -0.00035604112783656694
6.839 -0.00037299546725735584
6.84 -0.00033908678841577803
6.841 -0.0004069041460989336
6.8420000000000005 -0.00037299546725735584
6.843 -0.00035604112783656694
6.844 -0.00037299546725735584
6.845 -0.00033908678841577803
6.846 -0.0003221324489949892
6.847 -0.00038994980667814475
6.848 -0.0004069041460989336
6.849 -0.0003051781095742002
6.8500000000000005 -0.0003221324489949892
6.851 -0.0004069041460989336
6.852 -0.0004577671643613003
6.853 -0.00042385848551972256
6.854 -0.00042385848551972256
6.855 -0.00037299546725735584
6.856 -0.00037299546725735584
6.857 -0.00038994980667814475
6.8580000000000005 -0.00037299546725735584
6.859 -0.00038994980667814475
6.86 -0.0004069041460989336
6.861 -0.00033908678841577803
6.862 -0.00037299546725735584
6.863 -0.00038994980667814475
6.864 -0.00038994980667814475
6.865 -0.00035604112783656694
6.8660000000000005 -0.00033908678841577803
6.867 -0.00042385848551972256
6.868 -0.0004069041460989336
6.869 -0.00038994980667814475
6.87 -0.00044081282494051147
6.871 -0.00035604112783656694
6.872 -0.0004069041460989336
6.873 -0.00035604112783656694
6.8740000000000006 -0.00044081282494051147
6.875 -0.00044081282494051147
6.876 -0.00038994980667814475
6.877 -0.00038994980667814475
6.878 -0.0004069041460989336
6.8790000000000004 -0.00037299546725735584
6.88 -0.00038994980667814475
6.881 -0.0004069041460989336
6.882000000000001 -0.00038994980667814475
6.883 -0.00035604112783656694
6.884 -0.0004069041460989336
6.885 -0.00038994980667814475
6.886 -0.0004069041460989336
6.8870000000000005 -0.0003221324489949892
6.888 -0.00038994980667814475
6.889 -0.00035604112783656694
6.890000000000001 -0.00042385848551972256
6.891 -0.00033908678841577803
6.892 -0.00037299546725735584
6.893 -0.00037299546725735584
6.894 -0.00037299546725735584
6.8950000000000005 -0.00037299546725735584
6.896 -0.00035604112783656694
6.897 -0.00038994980667814475
6.898000000000001 -0.00035604112783656694
6.899 -0.00038994980667814475
6.9 -0.00044081282494051147
6.901 -0.00038994980667814475
6.902 -0.00035604112783656694
6.9030000000000005 -0.00033908678841577803
6.904 -0.00037299546725735584
6.905 -0.0004069041460989336
6.906000000000001 -0.00035604112783656694
6.907 -0.00037299546725735584
6.908 -0.00037299546725735584
6.909 -0.0004069041460989336
6.91 -0.0004069041460989336
6.9110000000000005 -0.00038994980667814475
6.912 -0.00033908678841577803
6.913 -0.00037299546725735584
6.914 -0.0004069041460989336
6.915 -0.00037299546725735584
6.916 -0.00035604112783656694
6.917 -0.00037299546725735584
6.918 -0.00038994980667814475
6.9190000000000005 -0.00035604112783656694
6.92 -0.0004069041460989336
6.921 -0.00042385848551972256
6.922 -0.00035604112783656694
6.923 -0.00035604112783656694
6.924 -0.00038994980667814475
6.925 -0.00038994980667814475
6.926 -0.0004069041460989336
6.9270000000000005 -0.00037299546725735584
6.928 -0.00033908678841577803
6.929 -0.0004069041460989336
6.93 -0.00033908678841577803
6.931 -0.0004069041460989336
6.932 -0.0003221324489949892
6.933 -0.0004069041460989336
6.934 -0.00042385848551972256
6.9350000000000005 -0.00033908678841577803
6.936 -0.00037299546725735584
6.937 -0.00035604112783656694
6.938 -0.00037299546725735584
6.939 -0.00038994980667814475
6.94 -0.00038994980667814475
6.941 -0.00033908678841577803
6.942 -0.00037299546725735584
6.9430000000000005 -0.00037299546725735584
6.944 -0.0004069041460989336
6.945 -0.00035604112783656694
6.946 -0.00035604112783656694
6.947 -0.00038994980667814475
6.948 -0.00038994980667814475
6.949 -0.0003221324489949892
6.95 -0.00037299546725735584
6.9510000000000005 -0.0004069041460989336
6.952 -0.00038994980667814475
6.953 -0.00044081282494051147
6.954 -0.00037299546725735584
6.955 -0.00035604112783656694
6.956 -0.00042385848551972256
6.957 -0.0004069041460989336
6.958 -0.00038994980667814475
6.9590000000000005 -0.00038994980667814475
6.96 -0.00038994980667814475
6.961 -0.0004069041460989336
6.962 -0.0004069041460989336
6.963 -0.0004069041460989336
6.964 -0.00035604112783656694
6.965 -0.00033908678841577803
6.966 -0.00038994980667814475
6.9670000000000005 -0.00038994980667814475
6.968 -0.0003221324489949892
6.969 -0.00037299546725735584
6.97 -0.00042385848551972256
6.971 -0.0004069041460989336
6.972 -0.00042385848551972256
6.973 -0.00042385848551972256
6.974 -0.00038994980667814475
6.9750000000000005 -0.00038994980667814475
6.976 -0.00038994980667814475
6.977 -0.00037299546725735584
6.978 -0.00035604112783656694
6.979 -0.00037299546725735584
6.98 -0.00038994980667814475
6.981 -0.00035604112783656694
6.982 -0.00037299546725735584
6.9830000000000005 -0.00035604112783656694
6.984 -0.0004069041460989336
6.985 -0.00038994980667814475
6.986 -0.00038994980667814475
6.987 -0.00033908678841577803
6.988 -0.00042385848551972256
6.989 -0.00038994980667814475
6.99 -0.0004069041460989336
6.9910000000000005 -0.00038994980667814475
6.992 -0.00038994980667814475
6.993 -0.00037299546725735584
6.994 -0.00035604112783656694
6.995 -0.00037299546725735584
6.996 -0.00037299546725735584
6.997 -0.00044081282494051147
6.998 -0.00038994980667814475
6.9990000000000006 -0.0004069041460989336
7 -0.00037299546725735584
7.001 -0.0004069041460989336
7.002 -0.00037299546725735584
7.003 -0.00033908678841577803
7.0040000000000004 -0.0004069041460989336
7.005 -0.00044081282494051147
7.006 -0.0004069041460989336
7.007000000000001 -0.00033908678841577803
7.008 -0.00035604112783656694
7.009 -0.00038994980667814475
7.01 -0.00038994980667814475
7.011 -0.0004069041460989336
7.0120000000000005 -0.00035604112783656694
7.013 -0.00037299546725735584
7.014 -0.0004069041460989336
7.015000000000001 -0.00037299546725735584
7.016 -0.0004069041460989336
7.017 -0.00038994980667814475
7.018 -0.00037299546725735584
7.019 -0.00035604112783656694
7.0200000000000005 -0.00037299546725735584
7.021 -0.00037299546725735584
7.022 -0.00037299546725735584
7.023000000000001 -0.0004069041460989336
7.024 -0.00038994980667814475
7.025 -0.00038994980667814475
7.026 -0.00038994980667814475
7.027 -0.00035604112783656694
7.0280000000000005 -0.00042385848551972256
7.029 -0.00038994980667814475
7.03 -0.00038994980667814475
7.031000000000001 -0.00037299546725735584
7.032 -0.00038994980667814475
7.033 -0.00038994980667814475
7.034 -0.00037299546725735584
7.035 -0.00037299546725735584
7.0360000000000005 -0.00038994980667814475
7.037 -0.00042385848551972256
7.038 -0.00042385848551972256
7.039000000000001 -0.00037299546725735584
7.04 -0.00044081282494051147
7.041 -0.00038994980667814475
7.042 -0.00037299546725735584
7.043 -0.00033908678841577803
7.0440000000000005 -0.00038994980667814475
7.045 -0.00042385848551972256
7.046 -0.00033908678841577803
7.047 -0.0004069041460989336
7.048 -0.00042385848551972256
7.049 -0.00042385848551972256
7.05 -0.00038994980667814475
7.051 -0.00042385848551972256
7.0520000000000005 -0.00042385848551972256
7.053 -0.0004069041460989336
7.054 -0.00042385848551972256
7.055 -0.0004069041460989336
7.056 -0.0003221324489949892
7.057 -0.00038994980667814475
7.058 -0.00037299546725735584
7.059 -0.00042385848551972256
7.0600000000000005 -0.00038994980667814475
7.061 -0.00037299546725735584
7.062 -0.00037299546725735584
7.063 -0.00037299546725735584
7.064 -0.00038994980667814475
7.065 -0.0004069041460989336
7.066 -0.00037299546725735584
7.067 -0.00037299546725735584
7.0680000000000005 -0.00038994980667814475
7.069 -0.00037299546725735584
7.07 -0.00033908678841577803
7.071 -0.00035604112783656694
7.072 -0.00033908678841577803
7.073 -0.00038994980667814475
7.074 -0.00042385848551972256
7.075 -0.00033908678841577803
7.0760000000000005 -0.00042385848551972256
7.077 -0.0003221324489949892
7.078 -0.00038994980667814475
7.079 -0.00033908678841577803
7.08 -0.00038994980667814475
7.081 -0.00038994980667814475
7.082 -0.00033908678841577803
7.083 -0.00037299546725735584
7.0840000000000005 -0.00038994980667814475
7.085 -0.0004069041460989336
7.086 -0.0004069041460989336
7.087 -0.00038994980667814475
7.088 -0.0004069041460989336
7.089 -0.00037299546725735584
7.09 -0.00038994980667814475
7.091 -0.00037299546725735584
7.0920000000000005 -0.00038994980667814475
7.093 -0.00037299546725735584
7.094 -0.00044081282494051147
7.095 -0.00038994980667814475
7.096 -0.00033908678841577803
7.097 -0.00037299546725735584
7.098 -0.00035604112783656694
7.099 -0.00035604112783656694
7.1000000000000005 -0.00037299546725735584
7.101 -0.00037299546725735584
7.102 -0.00037299546725735584
7.103 -0.00038994980667814475
7.104 -0.00037299546725735584
7.105 -0.00035604112783656694
7.106 -0.0004069041460989336
7.107 -0.00042385848551972256
7.1080000000000005 -0.00035604112783656694
7.109 -0.00038994980667814475
7.11 -0.0003051781095742002
7.111 -0.0004069041460989336
7.112 -0.00044081282494051147
7.113 -0.0004069041460989336
7.114 -0.00038994980667814475
7.115 -0.0004069041460989336
7.1160000000000005 -0.00038994980667814475
7.117 -0.0004069041460989336
7.118 -0.00038994980667814475
7.119 -0.0004069041460989336
7.12 -0.00037299546725735584
7.121 -0.00038994980667814475
7.122 -0.00037299546725735584
7.123 -0.00037299546725735584
7.1240000000000006 -0.00038994980667814475
7.125 -0.00038994980667814475
7.126 -0.00035604112783656694
7.127 -0.00033908678841577803
7.128 -0.0004069041460989336
7.1290000000000004 -0.00037299546725735584
7.13 -0.0004069041460989336
7.131 -0.00044081282494051147
7.132000000000001 -0.00035604112783656694
7.133 -0.00042385848551972256
7.134 -0.00042385848551972256
7.135 -0.00038994980667814475
7.136 -0.00037299546725735584
7.1370000000000005 -0.0003221324489949892
7.138 -0.00038994980667814475
7.139 -0.00038994980667814475
7.140000000000001 -0.00037299546725735584
7.141 -0.00037299546725735584
7.142 -0.00038994980667814475
7.143 -0.00035604112783656694
7.144 -0.00038994980667814475
7.1450000000000005 -0.00042385848551972256
7.146 -0.0004069041460989336
7.147 -0.00044081282494051147
7.148000000000001 -0.00035604112783656694
7.149 -0.00037299546725735584
7.15 -0.0004069041460989336
7.151 -0.00037299546725735584
7.152 -0.00037299546725735584
7.1530000000000005 -0.00037299546725735584
7.154 -0.00037299546725735584
7.155 -0.0003221324489949892
7.156000000000001 -0.00037299546725735584
7.157 -0.00037299546725735584
7.158 -0.0004069041460989336
7.159 -0.00037299546725735584
7.16 -0.00035604112783656694
7.1610000000000005 -0.00038994980667814475
7.162 -0.00038994980667814475
7.163 -0.00035604112783656694
7.164000000000001 -0.00037299546725735584
7.165 -0.00038994980667814475
7.166 -0.0003221324489949892
7.167 -0.00038994980667814475
7.168 -0.00037299546725735584
7.1690000000000005 -0.00038994980667814475
7.17 -0.00037299546725735584
7.171 -0.00042385848551972256
7.172 -0.00035604112783656694
7.173 -0.00038994980667814475
7.174 -0.0004069041460989336
7.175 -0.00038994980667814475
7.176 -0.0004069041460989336
7.1770000000000005 -0.00042385848551972256
7.178 -0.00042385848551972256
7.179 -0.00042385848551972256
7.18 -0.00035604112783656694
7.181 -0.00035604112783656694
7.182 -0.00038994980667814475
7.183 -0.00037299546725735584
7.184 -0.0004069041460989336
7.1850000000000005 -0.00033908678841577803
7.186 -0.00042385848551972256
7.187 -0.00037299546725735584
7.188 -0.0004069041460989336
7.189 -0.00038994980667814475
7.19 -0.0004069041460989336
7.191 -0.00033908678841577803
7.192 -0.00035604112783656694
7.1930000000000005 -0.00038994980667814475
7.194 -0.00038994980667814475
7.195 -0.0004069041460989336
7.196 -0.00035604112783656694
7.197 -0.00038994980667814475
7.198 -0.00035604112783656694
7.199 -0.00038994980667814475
7.2 -0.0004069041460989336
7.2010000000000005 -0.00038994980667814475
7.202 -0.00038994980667814475
7.203 -0.00037299546725735584
7.204 -0.0003221324489949892
7.205 -0.00042385848551972256
7.206 -0.00035604112783656694
7.207 -0.00033908678841577803
7.208 -0.00035604112783656694
7.2090000000000005 -0.00033908678841577803
7.21 -0.00042385848551972256
7.211 -0.00037299546725735584
7.212 -0.00033908678841577803
7.213 -0.0004069041460989336
7.214 -0.0004069041460989336
7.215 -0.00038994980667814475
7.216 -0.00042385848551972256
7.2170000000000005 -0.00033908678841577803
7.218 -0.00035604112783656694
7.219 -0.0004069041460989336
7.22 -0.00037299546725735584
7.221 -0.00042385848551972256
7.222 -0.00037299546725735584
7.223 -0.00038994980667814475
7.224 -0.00038994980667814475
7.2250000000000005 -0.00038994980667814475
7.226 -0.0004069041460989336
7.227 -0.00037299546725735584
7.228 -0.00037299546725735584
7.229 -0.00037299546725735584
7.23 -0.00038994980667814475
7.231 -0.00037299546725735584
7.232 -0.00035604112783656694
7.2330000000000005 -0.00038994980667814475
7.234 -0.00035604112783656694
7.235 -0.0004069041460989336
7.236 -0.00037299546725735584
7.237 -0.0003221324489949892
7.238 -0.0003221324489949892
7.239 -0.00038994980667814475
7.24 -0.00037299546725735584
7.2410000000000005 -0.00033908678841577803
7.242 -0.0004069041460989336
7.243 -0.0003221324489949892
7.244 -0.00038994980667814475
7.245 -0.00038994980667814475
7.246 -0.0004069041460989336
7.247 -0.00037299546725735584
7.248 -0.00038994980667814475
7.2490000000000006 -0.0004069041460989336
7.25 -0.0004577671643613003
7.251 -0.00033908678841577803
7.252 -0.0004069041460989336
7.253 -0.00037299546725735584
7.2540000000000004 -0.00028822377015341136
7.255 -0.0004069041460989336
7.256 -0.0004069041460989336
7.257000000000001 -0.00028822377015341136
7.258 -0.00037299546725735584
7.259 -0.00038994980667814475
7.26 -0.00035604112783656694
7.261 -0.00037299546725735584
7.2620000000000005 -0.00028822377015341136
7.263 -0.00038994980667814475
7.264 -0.00035604112783656694
7.265000000000001 -0.00035604112783656694
7.266 -0.00037299546725735584
7.267 -0.00038994980667814475
7.268 -0.00037299546725735584
7.269 -0.00035604112783656694
7.2700000000000005 -0.00037299546725735584
7.271 -0.00035604112783656694
7.272 -0.00033908678841577803
7.273000000000001 -0.00037299546725735584
7.274 -0.00033908678841577803
7.275 -0.00038994980667814475
7.276 -0.00037299546725735584
7.277 -0.00037299546725735584
7.2780000000000005 -0.00042385848551972256
7.279 -0.00038994980667814475
7.28 -0.00037299546725735584
7.281000000000001 -0.00042385848551972256
7.282 -0.00033908678841577803
7.283 -0.00033908678841577803
7.284 -0.00037299546725735584
7.285 -0.00035604112783656694
7.2860000000000005 -0.00037299546725735584
7.287 -0.0003051781095742002
7.288 -0.00037299546725735584
7.289000000000001 -0.00037299546725735584
7.29 -0.00042385848551972256
7.291 -0.00035604112783656694
7.292 -0.00037299546725735584
7.293 -0.00038994980667814475
7.2940000000000005 -0.00035604112783656694
7.295 -0.00038994980667814475
7.296 -0.0004069041460989336
7.297 -0.00033908678841577803
7.298 -0.00038994980667814475
7.299 -0.00035604112783656694
7.3 -0.00044081282494051147
7.301 -0.00037299546725735584
7.3020000000000005 -0.00037299546725735584
7.303 -0.00038994980667814475
7.304 -0.00035604112783656694
7.305 -0.00037299546725735584
7.306 -0.00038994980667814475
7.307 -0.00042385848551972256
7.308 -0.00037299546725735584
7.309 -0.00035604112783656694
7.3100000000000005 -0.00038994980667814475
7.311 -0.00044081282494051147
7.312 -0.00037299546725735584
7.313 -0.00038994980667814475
7.314 -0.00038994980667814475
7.315 -0.00037299546725735584
7.316 -0.00037299546725735584
7.317 -0.00035604112783656694
7.3180000000000005 -0.00042385848551972256
7.319 -0.00037299546725735584
7.32 -0.00035604112783656694
7.321 -0.00042385848551972256
7.322 -0.00035604112783656694
7.323 -0.00037299546725735584
7.324 -0.00038994980667814475
7.325 -0.0004069041460989336
7.3260000000000005 -0.00038994980667814475
7.327 -0.00033908678841577803
7.328 -0.0003051781095742002
7.329 -0.00037299546725735584
7.33 -0.00033908678841577803
7.331 -0.00035604112783656694
7.332 -0.00035604112783656694
7.333 -0.00033908678841577803
7.3340000000000005 -0.00042385848551972256
7.335 -0.00037299546725735584
7.336 -0.0004069041460989336
7.337 -0.00037299546725735584
7.338 -0.00035604112783656694
7.339 -0.00035604112783656694
7.34 -0.00035604112783656694
7.341 -0.00037299546725735584
7.3420000000000005 -0.0004069041460989336
7.343 -0.00035604112783656694
7.344 -0.00037299546725735584
7.345 -0.00038994980667814475
7.346 -0.0004069041460989336
7.347 -0.00038994980667814475
7.348 -0.00038994980667814475
7.349 -0.00033908678841577803
7.3500000000000005 -0.00037299546725735584
7.351 -0.00038994980667814475
7.352 -0.00038994980667814475
7.353 -0.00038994980667814475
7.354 -0.00035604112783656694
7.355 -0.0004069041460989336
7.356 -0.0004069041460989336
7.357 -0.00035604112783656694
7.3580000000000005 -0.0003221324489949892
7.359 -0.00035604112783656694
7.36 -0.0004069041460989336
7.361 -0.00038994980667814475
7.362 -0.0004069041460989336
7.363 -0.00037299546725735584
7.364 -0.00033908678841577803
7.365 -0.00044081282494051147
7.3660000000000005 -0.00035604112783656694
7.367 -0.00038994980667814475
7.368 -0.00037299546725735584
7.369 -0.00038994980667814475
7.37 -0.00037299546725735584
7.371 -0.00035604112783656694
7.372 -0.00035604112783656694
7.373 -0.00035604112783656694
7.3740000000000006 -0.00038994980667814475
7.375 -0.00037299546725735584
7.376 -0.0003221324489949892
7.377 -0.00044081282494051147
7.378 -0.00037299546725735584
7.3790000000000004 -0.00037299546725735584
7.38 -0.00038994980667814475
7.381 -0.00035604112783656694
7.382000000000001 -0.00033908678841577803
7.383 -0.00035604112783656694
7.384 -0.0004069041460989336
7.385 -0.0004069041460989336
7.386 -0.00035604112783656694
7.3870000000000005 -0.00038994980667814475
7.388 -0.00033908678841577803
7.389 -0.00038994980667814475
7.390000000000001 -0.00042385848551972256
7.391 -0.00033908678841577803
7.392 -0.00037299546725735584
7.393 -0.00033908678841577803
7.394 -0.00042385848551972256
7.3950000000000005 -0.00038994980667814475
7.396 -0.0004069041460989336
7.397 -0.00037299546725735584
7.398000000000001 -0.00042385848551972256
7.399 -0.0004069041460989336
7.4 -0.00037299546725735584
7.401 -0.00044081282494051147
7.402 -0.00035604112783656694
7.4030000000000005 -0.00037299546725735584
7.404 -0.00042385848551972256
7.405 -0.00037299546725735584
7.406000000000001 -0.00044081282494051147
7.407 -0.00042385848551972256
7.408 -0.00033908678841577803
7.409 -0.0003221324489949892
7.41 -0.00044081282494051147
7.4110000000000005 -0.00038994980667814475
7.412 -0.00033908678841577803
7.413 -0.00035604112783656694
7.414000000000001 -0.00038994980667814475
7.415 -0.00042385848551972256
7.416 -0.0004069041460989336
7.417 -0.00038994980667814475
7.418 -0.0004069041460989336
7.4190000000000005 -0.0004069041460989336
7.42 -0.00038994980667814475
7.421 -0.00037299546725735584
7.422000000000001 -0.00038994980667814475
7.423 -0.00035604112783656694
7.424 -0.00033908678841577803
7.425 -0.00037299546725735584
7.426 -0.00037299546725735584
7.4270000000000005 -0.00038994980667814475
7.428 -0.00038994980667814475
7.429 -0.0003221324489949892
7.43 -0.00033908678841577803
7.431 -0.00037299546725735584
7.432 -0.00035604112783656694
7.433 -0.00033908678841577803
7.434 -0.00042385848551972256
7.4350000000000005 -0.00038994980667814475
7.436 -0.00037299546725735584
7.437 -0.00038994980667814475
7.438 -0.00038994980667814475
7.439 -0.00035604112783656694
7.44 -0.0004069041460989336
7.441 -0.0004069041460989336
7.442 -0.00037299546725735584
7.4430000000000005 -0.00035604112783656694
7.444 -0.00037299546725735584
7.445 -0.00033908678841577803
7.446 -0.00037299546725735584
7.447 -0.00035604112783656694
7.448 -0.00037299546725735584
7.449 -0.00042385848551972256
7.45 -0.00035604112783656694
7.4510000000000005 -0.00042385848551972256
7.452 -0.00038994980667814475
7.453 -0.00042385848551972256
7.454 -0.00037299546725735584
7.455 -0.00037299546725735584
7.456 -0.00038994980667814475
7.457 -0.0003221324489949892
7.458 -0.00035604112783656694
7.4590000000000005 -0.00042385848551972256
7.46 -0.00037299546725735584
7.461 -0.00035604112783656694
7.462 -0.00037299546725735584
7.463 -0.00044081282494051147
7.464 -0.00038994980667814475
7.465 -0.0003221324489949892
7.466 -0.00038994980667814475
7.4670000000000005 -0.00033908678841577803
7.468 -0.0004069041460989336
7.469 -0.00035604112783656694
7.47 -0.00035604112783656694
7.471 -0.00038994980667814475
7.472 -0.0004069041460989336
7.473 -0.00037299546725735584
7.474 -0.00035604112783656694
7.4750000000000005 -0.0003051781095742002
7.476 -0.00037299546725735584
7.477 -0.00037299546725735584
7.478 -0.0004069041460989336
7.479 -0.00038994980667814475
7.48 -0.00037299546725735584
7.481 -0.0004069041460989336
7.482 -0.00042385848551972256
7.4830000000000005 -0.0004069041460989336
7.484 -0.00037299546725735584
7.485 -0.00042385848551972256
7.486 -0.00037299546725735584
7.487 -0.00033908678841577803
7.488 -0.00038994980667814475
7.489 -0.00037299546725735584
7.49 -0.00033908678841577803
7.4910000000000005 -0.0004577671643613003
7.492 -0.00037299546725735584
7.493 -0.00033908678841577803
7.494 -0.00035604112783656694
7.495 -0.00035604112783656694
7.496 -0.0003051781095742002
7.497 -0.00037299546725735584
7.498 -0.00033908678841577803
7.4990000000000006 -0.00038994980667814475
7.5 -0.00037299546725735584
7.501 -0.00035604112783656694
7.502 -0.00037299546725735584
7.503 -0.00033908678841577803
7.5040000000000004 -0.00038994980667814475
7.505 -0.00044081282494051147
7.506 -0.0004069041460989336
7.507000000000001 -0.00037299546725735584
7.508 -0.0004577671643613003
7.509 -0.00035604112783656694
7.51 -0.00037299546725735584
7.511 -0.00033908678841577803
7.5120000000000005 -0.00042385848551972256
7.513 -0.0003221324489949892
7.514 -0.00038994980667814475
7.515000000000001 -0.0004069041460989336
7.516 -0.00038994980667814475
7.517 -0.00038994980667814475
7.518 -0.00037299546725735584
7.519 -0.0003221324489949892
7.5200000000000005 -0.0004069041460989336
7.521 -0.0004069041460989336
7.522 -0.00037299546725735584
7.523000000000001 -0.00044081282494051147
7.524 -0.00035604112783656694
7.525 -0.00042385848551972256
7.526 -0.00038994980667814475
7.527 -0.00037299546725735584
7.5280000000000005 -0.00042385848551972256
7.529 -0.00033908678841577803
7.53 -0.00035604112783656694
7.531000000000001 -0.00037299546725735584
7.532 -0.00037299546725735584
7.533 -0.0004069041460989336
7.534 -0.00035604112783656694
7.535 -0.00033908678841577803
7.5360000000000005 -0.00042385848551972256
7.537 -0.00038994980667814475
7.538 -0.00037299546725735584
7.539000000000001 -0.00037299546725735584
7.54 -0.00038994980667814475
7.541 -0.00044081282494051147
7.542 -0.00042385848551972256
7.543 -0.0003221324489949892
7.5440000000000005 -0.00035604112783656694
7.545 -0.00035604112783656694
7.546 -0.0004069041460989336
7.547000000000001 -0.0004577671643613003
7.548 -0.00037299546725735584
7.549 -0.0004069041460989336
7.55 -0.00035604112783656694
7.551 -0.00037299546725735584
7.5520000000000005 -0.00037299546725735584
7.553 -0.00038994980667814475
7.554 -0.0004069041460989336
7.555 -0.00035604112783656694
7.556 -0.00035604112783656694
7.557 -0.00042385848551972256
7.558 -0.00037299546725735584
7.559 -0.00038994980667814475
7.5600000000000005 -0.00037299546725735584
7.561 -0.00038994980667814475
7.562 -0.00037299546725735584
7.563 -0.00042385848551972256
7.564 -0.00035604112783656694
7.565 -0.00038994980667814475
7.566 -0.0004069041460989336
7.567 -0.0004069041460989336
7.5680000000000005 -0.00037299546725735584
7.569 -0.00037299546725735584
7.57 -0.00038994980667814475
7.571 -0.00042385848551972256
7.572 -0.0004069041460989336
7.573 -0.00037299546725735584
7.574 -0.00028822377015341136
7.575 -0.00037299546725735584
7.5760000000000005 -0.00038994980667814475
7.577 -0.00035604112783656694
7.578 -0.00038994980667814475
7.579 -0.00037299546725735584
7.58 -0.0003221324489949892
7.581 -0.00035604112783656694
7.582 -0.00037299546725735584
7.583 -0.00035604112783656694
7.5840000000000005 -0.00037299546725735584
7.585 -0.00037299546725735584
7.586 -0.00038994980667814475
7.587 -0.00033908678841577803
7.588 -0.00035604112783656694
7.589 -0.0004069041460989336
7.59 -0.0004069041460989336
7.591 -0.00033908678841577803
7.5920000000000005 -0.00042385848551972256
7.593 -0.00035604112783656694
7.594 -0.0004069041460989336
7.595 -0.00035604112783656694
7.596 -0.00042385848551972256
7.597 -0.00038994980667814475
7.598 -0.00035604112783656694
7.599 -0.0004069041460989336
7.6000000000000005 -0.00044081282494051147
7.601 -0.0004069041460989336
7.602 -0.00038994980667814475
7.603 -0.00038994980667814475
7.604 -0.00044081282494051147
7.605 -0.00035604112783656694
7.606 -0.00042385848551972256
7.607 -0.0004069041460989336
7.6080000000000005 -0.00037299546725735584
7.609 -0.00042385848551972256
7.61 -0.0004069041460989336
7.611 -0.00035604112783656694
7.612 -0.00044081282494051147
7.613 -0.00035604112783656694
7.614 -0.00038994980667814475
7.615 -0.00042385848551972256
7.6160000000000005 -0.00047472150378208923
7.617 -0.0003221324489949892
7.618 -0.0003221324489949892
7.619 -0.00037299546725735584
7.62 -0.00033908678841577803
7.621 -0.00037299546725735584
7.622 -0.0004069041460989336
7.623 -0.00038994980667814475
7.6240000000000006 -0.0004577671643613003
7.625 -0.00044081282494051147
7.626 -0.00033908678841577803
7.627 -0.00033908678841577803
7.628 -0.0004577671643613003
7.6290000000000004 -0.00038994980667814475
7.63 -0.00044081282494051147
7.631 -0.00044081282494051147
7.632000000000001 -0.0004069041460989336
7.633 -0.00038994980667814475
7.634 -0.00042385848551972256
7.635 -0.0003221324489949892
7.636 -0.00035604112783656694
7.6370000000000005 -0.00035604112783656694
7.638 -0.00038994980667814475
7.639 -0.0004069041460989336
7.640000000000001 -0.00037299546725735584
7.641 -0.00037299546725735584
7.642 -0.0004069041460989336
7.643 -0.00035604112783656694
7.644 -0.0003221324489949892
7.6450000000000005 -0.00037299546725735584
7.646 -0.00044081282494051147
7.647 -0.0004069041460989336
7.648000000000001 -0.0004069041460989336
7.649 -0.0004916758432028782
7.65 -0.0004069041460989336
7.651 -0.00037299546725735584
7.652 -0.00042385848551972256
7.6530000000000005 -0.00044081282494051147
7.654 -0.00037299546725735584
7.655 -0.00038994980667814475
7.656000000000001 -0.00038994980667814475
7.657 -0.00038994980667814475
7.658 -0.0004069041460989336
7.659 -0.00038994980667814475
7.66 -0.00037299546725735584
7.6610000000000005 -0.00038994980667814475
7.662 -0.0004069041460989336
7.663 -0.00038994980667814475
7.664000000000001 -0.00037299546725735584
7.665 -0.00042385848551972256
7.666 -0.00035604112783656694
7.667 -0.0004069041460989336
7.668 -0.00035604112783656694
7.6690000000000005 -0.00044081282494051147
7.67 -0.00033908678841577803
7.671 -0.00033908678841577803
7.672000000000001 -0.0004069041460989336
7.673 -0.00033908678841577803
7.674 -0.0004069041460989336
7.675 -0.0004069041460989336
7.676 -0.00038994980667814475
7.6770000000000005 -0.00035604112783656694
7.678 -0.00042385848551972256
7.679 -0.00038994980667814475
7.68 -0.00037299546725735584
7.681 -0.00038994980667814475
7.682 -0.00033908678841577803
7.683 -0.00033908678841577803
7.684 -0.00044081282494051147
7.6850000000000005 -0.00038994980667814475
7.686 -0.00038994980667814475
7.687 -0.00037299546725735584
7.688 -0.00038994980667814475
7.689 -0.00042385848551972256
7.69 -0.00037299546725735584
7.691 -0.00044081282494051147
7.692 -0.00038994980667814475
7.6930000000000005 -0.0004069041460989336
7.694 -0.00042385848551972256
7.695 -0.00037299546725735584
7.696 -0.00037299546725735584
7.697 -0.00035604112783656694
7.698 -0.00038994980667814475
7.699 -0.00037299546725735584
7.7 -0.00038994980667814475
7.7010000000000005 -0.00033908678841577803
7.702 -0.00037299546725735584
7.703 -0.00037299546725735584
7.704 -0.00038994980667814475
7.705 -0.00038994980667814475
7.706 -0.00033908678841577803
7.707 -0.00035604112783656694
7.708 -0.00037299546725735584
7.7090000000000005 -0.00033908678841577803
7.71 -0.00033908678841577803
7.711 -0.00038994980667814475
7.712 -0.00038994980667814475
7.713 -0.00037299546725735584
7.714 -0.00035604112783656694
7.715 -0.00037299546725735584
7.716 -0.00038994980667814475
7.7170000000000005 -0.0003051781095742002
7.718 -0.0004069041460989336
7.719 -0.00037299546725735584
7.72 -0.00035604112783656694
7.721 -0.00038994980667814475
7.722 -0.00038994980667814475
7.723 -0.00038994980667814475
7.724 -0.00042385848551972256
7.7250000000000005 -0.0004069041460989336
7.726 -0.00042385848551972256
7.727 -0.00035604112783656694
7.728 -0.0004069041460989336
7.729 -0.00035604112783656694
7.73 -0.00035604112783656694
7.731 -0.0004069041460989336
7.732 -0.00038994980667814475
7.7330000000000005 -0.00038994980667814475
7.734 -0.00038994980667814475
7.735 -0.0004069041460989336
7.736 -0.00037299546725735584
7.737 -0.0004069041460989336
7.738 -0.00038994980667814475
7.739 -0.00033908678841577803
7.74 -0.00042385848551972256
7.7410000000000005 -0.00035604112783656694
7.742 -0.00035604112783656694
7.743 -0.00037299546725735584
7.744 -0.00038994980667814475
7.745 -0.00035604112783656694
7.746 -0.0003221324489949892
7.747 -0.00035604112783656694
7.748 -0.00035604112783656694
7.7490000000000006 -0.00035604112783656694
7.75 -0.00033908678841577803
7.751 -0.00038994980667814475
7.752 -0.0004069041460989336
7.753 -0.00037299546725735584
7.7540000000000004 -0.0003221324489949892
7.755 -0.00044081282494051147
7.756 -0.00038994980667814475
7.757000000000001 -0.00038994980667814475
7.758 -0.00037299546725735584
7.759 -0.00042385848551972256
7.76 -0.0003221324489949892
7.761 -0.00042385848551972256
7.7620000000000005 -0.00042385848551972256
7.763 -0.00037299546725735584
7.764 -0.00035604112783656694
7.765000000000001 -0.00035604112783656694
7.766 -0.00037299546725735584
7.767 -0.00038994980667814475
7.768 -0.00037299546725735584
7.769 -0.00033908678841577803
7.7700000000000005 -0.0003051781095742002
7.771 -0.00038994980667814475
7.772 -0.00042385848551972256
7.773000000000001 -0.00033908678841577803
7.774 -0.00038994980667814475
7.775 -0.00035604112783656694
7.776 -0.00037299546725735584
7.777 -0.00038994980667814475
7.7780000000000005 -0.00037299546725735584
7.779 -0.00038994980667814475
7.78 -0.00035604112783656694
7.781000000000001 -0.0003221324489949892
7.782 -0.00042385848551972256
7.783 -0.00038994980667814475
7.784 -0.00037299546725735584
7.785 -0.0004577671643613003
7.7860000000000005 -0.00035604112783656694
7.787 -0.0004069041460989336
7.788 -0.00033908678841577803
7.789000000000001 -0.00038994980667814475
7.79 -0.00037299546725735584
7.791 -0.0004069041460989336
7.792 -0.00038994980667814475
7.793 -0.00042385848551972256
7.7940000000000005 -0.00037299546725735584
7.795 -0.00033908678841577803
7.796 -0.0004069041460989336
7.797000000000001 -0.00038994980667814475
7.798 -0.00037299546725735584
7.799 -0.0004069041460989336
7.8 -0.00035604112783656694
7.801 -0.0003221324489949892
7.8020000000000005 -0.00035604112783656694
7.803 -0.0004069041460989336
7.804 -0.00033908678841577803
7.805000000000001 -0.00042385848551972256
7.806 -0.0004069041460989336
7.807 -0.00033908678841577803
7.808 -0.00044081282494051147
7.809 -0.0004069041460989336
7.8100000000000005 -0.00037299546725735584
7.811 -0.00033908678841577803
7.812 -0.0004069041460989336
7.813 -0.00033908678841577803
7.814 -0.00042385848551972256
7.815 -0.00035604112783656694
7.816 -0.00038994980667814475
7.817 -0.0003221324489949892
7.8180000000000005 -0.00037299546725735584
7.819 -0.00044081282494051147
7.82 -0.0004069041460989336
7.821 -0.00033908678841577803
7.822 -0.00037299546725735584
7.823 -0.0003221324489949892
7.824 -0.0004069041460989336
7.825 -0.00037299546725735584
7.8260000000000005 -0.00037299546725735584
7.827 -0.00035604112783656694
7.828 -0.00037299546725735584
7.829 -0.00042385848551972256
7.83 -0.00035604112783656694
7.831 -0.00037299546725735584
7.832 -0.00035604112783656694
7.833 -0.00038994980667814475
7.8340000000000005 -0.00035604112783656694
7.835 -0.0004577671643613003
7.836 -0.00037299546725735584
7.837 -0.00042385848551972256
7.838 -0.0004069041460989336
7.839 -0.00037299546725735584
7.84 -0.00038994980667814475
7.841 -0.00033908678841577803
7.8420000000000005 -0.00035604112783656694
7.843 -0.00037299546725735584
7.844 -0.00038994980667814475
7.845 -0.00038994980667814475
7.846 -0.00037299546725735584
7.847 -0.00038994980667814475
7.848 -0.00038994980667814475
7.849 -0.00038994980667814475
7.8500000000000005 -0.0004069041460989336
7.851 -0.00035604112783656694
7.852 -0.00037299546725735584
7.853 -0.0004577671643613003
7.854 -0.00037299546725735584
7.855 -0.0004069041460989336
7.856 -0.00035604112783656694
7.857 -0.00037299546725735584
7.8580000000000005 -0.00033908678841577803
7.859 -0.00033908678841577803
7.86 -0.00035604112783656694
7.861 -0.0004069041460989336
7.862 -0.00042385848551972256
7.863 -0.00035604112783656694
7.864 -0.0004069041460989336
7.865 -0.00037299546725735584
7.8660000000000005 -0.00035604112783656694
7.867 -0.00033908678841577803
7.868 -0.00035604112783656694
7.869 -0.00038994980667814475
7.87 -0.00042385848551972256
7.871 -0.0004069041460989336
7.872 -0.00037299546725735584
7.873 -0.00035604112783656694
7.8740000000000006 -0.00037299546725735584
7.875 -0.00037299546725735584
7.876 -0.0004069041460989336
7.877 -0.00037299546725735584
7.878 -0.00037299546725735584
7.8790000000000004 -0.0004069041460989336
7.88 -0.00037299546725735584
7.881 -0.00035604112783656694
7.882000000000001 -0.00038994980667814475
7.883 -0.00035604112783656694
7.884 -0.00033908678841577803
7.885 -0.0004069041460989336
7.886 -0.00042385848551972256
7.8870000000000005 -0.0003221324489949892
7.888 -0.00038994980667814475
7.889 -0.0004069041460989336
7.890000000000001 -0.00044081282494051147
7.891 -0.0003051781095742002
7.892 -0.0004069041460989336
7.893 -0.00042385848551972256
7.894 -0.00038994980667814475
7.8950000000000005 -0.00037299546725735584
7.896 -0.00035604112783656694
7.897 -0.00038994980667814475
7.898000000000001 -0.0004069041460989336
7.899 -0.00044081282494051147
7.9 -0.00035604112783656694
7.901 -0.00038994980667814475
7.902 -0.00035604112783656694
7.9030000000000005 -0.0004069041460989336
7.904 -0.00038994980667814475
7.905 -0.0004069041460989336
7.906000000000001 -0.00035604112783656694
7.907 -0.0004069041460989336
7.908 -0.00037299546725735584
7.909 -0.0003221324489949892
7.91 -0.0004069041460989336
7.9110000000000005 -0.00038994980667814475
7.912 -0.0004069041460989336
7.913 -0.00044081282494051147
7.914000000000001 -0.00035604112783656694
7.915 -0.0004069041460989336
7.916 -0.00035604112783656694
7.917 -0.0004069041460989336
7.918 -0.0004069041460989336
7.9190000000000005 -0.00033908678841577803
7.92 -0.00044081282494051147
7.921 -0.00038994980667814475
7.922000000000001 -0.0004069041460989336
7.923 -0.00037299546725735584
7.924 -0.0003221324489949892
7.925 -0.00037299546725735584
7.926 -0.0004069041460989336
7.9270000000000005 -0.00044081282494051147
7.928 -0.00037299546725735584
7.929 -0.00033908678841577803
7.930000000000001 -0.0004069041460989336
7.931 -0.0004069041460989336
7.932 -0.00042385848551972256
7.933 -0.00035604112783656694
7.934 -0.00033908678841577803
7.9350000000000005 -0.00038994980667814475
7.936 -0.00037299546725735584
7.937 -0.00033908678841577803
7.938 -0.00035604112783656694
7.939 -0.00033908678841577803
7.94 -0.00035604112783656694
7.941 -0.00042385848551972256
7.942 -0.00035604112783656694
7.9430000000000005 -0.00044081282494051147
7.944 -0.00038994980667814475
7.945 -0.00037299546725735584
7.946 -0.00037299546725735584
7.947 -0.00037299546725735584
7.948 -0.00037299546725735584
7.949 -0.00037299546725735584
7.95 -0.00037299546725735584
7.9510000000000005 -0.0004069041460989336
7.952 -0.00038994980667814475
7.953 -0.00038994980667814475
7.954 -0.00037299546725735584
7.955 -0.0003051781095742002
7.956 -0.0004069041460989336
7.957 -0.00037299546725735584
7.958 -0.00037299546725735584
7.9590000000000005 -0.00038994980667814475
7.96 -0.00042385848551972256
7.961 -0.0004069041460989336
7.962 -0.00033908678841577803
7.963 -0.0004069041460989336
7.964 -0.00037299546725735584
7.965 -0.00035604112783656694
7.966 -0.0004069041460989336
7.9670000000000005 -0.00037299546725735584
7.968 -0.00033908678841577803
7.969 -0.00033908678841577803
7.97 -0.00037299546725735584
7.971 -0.00042385848551972256
7.972 -0.0004069041460989336
7.973 -0.00044081282494051147
7.974 -0.00037299546725735584
7.9750000000000005 -0.00038994980667814475
7.976 -0.00028822377015341136
7.977 -0.00042385848551972256
7.978 -0.00033908678841577803
7.979 -0.00035604112783656694
7.98 -0.00038994980667814475
7.981 -0.00042385848551972256
7.982 -0.00042385848551972256
7.9830000000000005 -0.00035604112783656694
7.984 -0.0004069041460989336
7.985 -0.00035604112783656694
7.986 -0.00038994980667814475
7.987 -0.00038994980667814475
7.988 -0.00037299546725735584
7.989 -0.00037299546725735584
7.99 -0.00035604112783656694
7.9910000000000005 -0.00038994980667814475
7.992 -0.0004069041460989336
7.993 -0.00035604112783656694
7.994 -0.00038994980667814475
7.995 -0.00035604112783656694
7.996 -0.00037299546725735584
7.997 -0.00038994980667814475
7.998 -0.00042385848551972256
7.9990000000000006 -0.00037299546725735584
8 -0.00033908678841577803
8.001 -0.00037299546725735584
8.002 -0.00033908678841577803
8.003 -0.00038994980667814475
8.004 -0.0004069041460989336
8.005 -0.0004069041460989336
8.006 -0.00038994980667814475
8.007 -0.00042385848551972256
8.008000000000001 -0.00038994980667814475
8.009 -0.00037299546725735584
8.01 -0.00038994980667814475
8.011000000000001 -0.0003221324489949892
8.012 -0.00035604112783656694
8.013 -0.00038994980667814475
8.014 -0.0004069041460989336
8.015 -0.00037299546725735584
8.016 -0.00038994980667814475
8.017 -0.0004069041460989336
8.018 -0.00037299546725735584
8.019 -0.00037299546725735584
8.02 -0.00035604112783656694
8.021 -0.00037299546725735584
8.022 -0.0004069041460989336
8.023 -0.0004069041460989336
8.024000000000001 -0.00035604112783656694
8.025 -0.0004069041460989336
8.026 -0.00037299546725735584
8.027000000000001 -0.00037299546725735584
8.028 -0.00037299546725735584
8.029 -0.00033908678841577803
8.03 -0.00042385848551972256
8.031 -0.00042385848551972256
8.032 -0.0004069041460989336
8.033 -0.00038994980667814475
8.034 -0.00033908678841577803
8.035 -0.0004069041460989336
8.036 -0.00044081282494051147
8.037 -0.00038994980667814475
8.038 -0.00035604112783656694
8.039 -0.00042385848551972256
8.040000000000001 -0.0004069041460989336
8.041 -0.0004069041460989336
8.042 -0.00038994980667814475
8.043000000000001 -0.00037299546725735584
8.044 -0.00037299546725735584
8.045 -0.00033908678841577803
8.046 -0.00037299546725735584
8.047 -0.00033908678841577803
8.048 -0.00035604112783656694
8.049 -0.00038994980667814475
8.05 -0.00035604112783656694
8.051 -0.00035604112783656694
8.052 -0.00038994980667814475
8.053 -0.00042385848551972256
8.054 -0.00035604112783656694
8.055 -0.00042385848551972256
8.056000000000001 -0.00035604112783656694
8.057 -0.00035604112783656694
8.058 -0.00038994980667814475
8.059000000000001 -0.00038994980667814475
8.06 -0.0003221324489949892
8.061 -0.00038994980667814475
8.062 -0.00037299546725735584
8.063 -0.00038994980667814475
8.064 -0.0003051781095742002
8.065 -0.00042385848551972256
8.066 -0.00038994980667814475
8.067 -0.00037299546725735584
8.068 -0.00035604112783656694
8.069 -0.00038994980667814475
8.07 -0.00037299546725735584
8.071 -0.0004069041460989336
8.072000000000001 -0.00037299546725735584
8.073 -0.00037299546725735584
8.074 -0.00037299546725735584
8.075 -0.0004069041460989336
8.076 -0.00033908678841577803
8.077 -0.00037299546725735584
8.078 -0.0004069041460989336
8.079 -0.00038994980667814475
8.08 -0.00038994980667814475
8.081 -0.00038994980667814475
8.082 -0.0004069041460989336
8.083 -0.0003221324489949892
8.084 -0.00044081282494051147
8.085 -0.0003221324489949892
8.086 -0.00035604112783656694
8.087 -0.00038994980667814475
8.088000000000001 -0.00038994980667814475
8.089 -0.00044081282494051147
8.09 -0.0004069041460989336
8.091 -0.00042385848551972256
8.092 -0.00038994980667814475
8.093 -0.00038994980667814475
8.094 -0.00044081282494051147
8.095 -0.00033908678841577803
8.096 -0.0004069041460989336
8.097 -0.00035604112783656694
8.098 -0.00038994980667814475
8.099 -0.0004069041460989336
8.1 -0.00033908678841577803
8.101 -0.00035604112783656694
8.102 -0.00038994980667814475
8.103 -0.00035604112783656694
8.104000000000001 -0.00042385848551972256
8.105 -0.00038994980667814475
8.106 -0.00035604112783656694
8.107 -0.00035604112783656694
8.108 -0.00038994980667814475
8.109 -0.00035604112783656694
8.11 -0.00037299546725735584
8.111 -0.00037299546725735584
8.112 -0.00042385848551972256
8.113 -0.0004069041460989336
8.114 -0.00038994980667814475
8.115 -0.00035604112783656694
8.116 -0.00035604112783656694
8.117 -0.00038994980667814475
8.118 -0.00033908678841577803
8.119 -0.00038994980667814475
8.120000000000001 -0.00037299546725735584
8.121 -0.00033908678841577803
8.122 -0.0004069041460989336
8.123 -0.00042385848551972256
8.124 -0.00042385848551972256
8.125 -0.00042385848551972256
8.126 -0.0004069041460989336
8.127 -0.00033908678841577803
8.128 -0.00033908678841577803
8.129 -0.00037299546725735584
8.13 -0.00038994980667814475
8.131 -0.00042385848551972256
8.132 -0.00037299546725735584
8.133000000000001 -0.0004069041460989336
8.134 -0.00038994980667814475
8.135 -0.0004069041460989336
8.136000000000001 -0.00038994980667814475
8.137 -0.00037299546725735584
8.138 -0.00038994980667814475
8.139 -0.00037299546725735584
8.14 -0.0004069041460989336
8.141 -0.0004069041460989336
8.142 -0.00033908678841577803
8.143 -0.00038994980667814475
8.144 -0.00033908678841577803
8.145 -0.00035604112783656694
8.146 -0.0004069041460989336
8.147 -0.0003221324489949892
8.148 -0.00038994980667814475
8.149000000000001 -0.0004069041460989336
8.15 -0.00037299546725735584
8.151 -0.00038994980667814475
8.152000000000001 -0.00044081282494051147
8.153 -0.00038994980667814475
8.154 -0.00037299546725735584
8.155 -0.00037299546725735584
8.156 -0.00042385848551972256
8.157 -0.00033908678841577803
8.158 -0.00035604112783656694
8.159 -0.0004069041460989336
8.16 -0.00033908678841577803
8.161 -0.0004069041460989336
8.162 -0.00038994980667814475
8.163 -0.00035604112783656694
8.164 -0.00033908678841577803
8.165000000000001 -0.0004069041460989336
8.166 -0.00037299546725735584
8.167 -0.00035604112783656694
8.168000000000001 -0.00038994980667814475
8.169 -0.00042385848551972256
8.17 -0.00038994980667814475
8.171 -0.00042385848551972256
8.172 -0.00037299546725735584
8.173 -0.00038994980667814475
8.174 -0.00037299546725735584
8.175 -0.00037299546725735584
8.176 -0.00035604112783656694
8.177 -0.0003221324489949892
8.178 -0.00037299546725735584
8.179 -0.0004069041460989336
8.18 -0.00035604112783656694
8.181000000000001 -0.00035604112783656694
8.182 -0.00035604112783656694
8.183 -0.0004069041460989336
8.184000000000001 -0.00038994980667814475
8.185 -0.00042385848551972256
8.186 -0.00035604112783656694
8.187 -0.0004069041460989336
8.188 -0.0004069041460989336
8.189 -0.00042385848551972256
8.19 -0.00037299546725735584
8.191 -0.00042385848551972256
